TableInfo,[Sal],[Ery],[Cm],[Tmp],[Ofl],[Dox],[Linc],g
1,0.008747175801513357,0.010277022071018953,0.007318307069055027,0.0,0.0,0.0,0.0,0.88
1,0.008747175801513357,0.020554044142037906,0.014636614138110054,0.0,0.0,0.0,0.0,0.74
1,0.008747175801513357,0.030831066213056858,0.021954921207165082,0.0,0.0,0.0,0.0,0.65
1,0.008747175801513357,0.04110808828407581,0.029273228276220108,0.0,0.0,0.0,0.0,0.53
1,0.008747175801513357,0.051385110355094764,0.036591535345275136,0.0,0.0,0.0,0.0,0.41
1,0.01049661096181603,0.010277022071018953,0.0043909842414330165,0.0,0.0,0.0,0.0,0.86
1,0.01049661096181603,0.010277022071018953,0.008781968482866033,0.0,0.0,0.0,0.0,0.9
1,0.01049661096181603,0.010277022071018953,0.01317295272429905,0.0,0.0,0.0,0.0,0.9
1,0.01049661096181603,0.010277022071018953,0.017563936965732066,0.0,0.0,0.0,0.0,0.89
1,0.01049661096181603,0.010277022071018953,0.021954921207165082,0.0,0.0,0.0,0.0,0.85
1,0.01049661096181603,0.010277022071018953,0.0263459054485981,0.0,0.0,0.0,0.0,0.81
1,0.01049661096181603,0.010277022071018953,0.030736889690031115,0.0,0.0,0.0,0.0,0.81
1,0.01049661096181603,0.010277022071018953,0.03512787393146413,0.0,0.0,0.0,0.0,0.8
1,0.01049661096181603,0.010277022071018953,0.03951885817289715,0.0,0.0,0.0,0.0,0.83
1,0.017494351603026714,0.010277022071018953,0.007318307069055027,0.0,0.0,0.0,0.0,0.8
1,0.017494351603026714,0.020554044142037906,0.014636614138110054,0.0,0.0,0.0,0.0,0.65
1,0.017494351603026714,0.030831066213056858,0.021954921207165082,0.0,0.0,0.0,0.0,0.63
1,0.017494351603026714,0.04110808828407581,0.029273228276220108,0.0,0.0,0.0,0.0,0.51
1,0.017494351603026714,0.051385110355094764,0.036591535345275136,0.0,0.0,0.0,0.0,0.41
1,0.02099322192363206,0.020554044142037906,0.0043909842414330165,0.0,0.0,0.0,0.0,0.76
1,0.02099322192363206,0.020554044142037906,0.008781968482866033,0.0,0.0,0.0,0.0,0.8
1,0.02099322192363206,0.020554044142037906,0.01317295272429905,0.0,0.0,0.0,0.0,0.82
1,0.02099322192363206,0.020554044142037906,0.017563936965732066,0.0,0.0,0.0,0.0,0.76
1,0.02099322192363206,0.020554044142037906,0.021954921207165082,0.0,0.0,0.0,0.0,0.75
1,0.02099322192363206,0.020554044142037906,0.0263459054485981,0.0,0.0,0.0,0.0,0.71
1,0.02099322192363206,0.020554044142037906,0.030736889690031115,0.0,0.0,0.0,0.0,0.69
1,0.02099322192363206,0.020554044142037906,0.03512787393146413,0.0,0.0,0.0,0.0,0.67
1,0.02099322192363206,0.020554044142037906,0.03951885817289715,0.0,0.0,0.0,0.0,0.68
1,0.026241527404540072,0.010277022071018953,0.007318307069055027,0.0,0.0,0.0,0.0,0.77
1,0.026241527404540072,0.020554044142037906,0.014636614138110054,0.0,0.0,0.0,0.0,0.66
1,0.026241527404540072,0.030831066213056858,0.021954921207165082,0.0,0.0,0.0,0.0,0.57
1,0.026241527404540072,0.04110808828407581,0.029273228276220108,0.0,0.0,0.0,0.0,0.44
1,0.026241527404540072,0.051385110355094764,0.036591535345275136,0.0,0.0,0.0,0.0,0.36
1,0.031489832885448085,0.030831066213056858,0.0043909842414330165,0.0,0.0,0.0,0.0,0.65
1,0.031489832885448085,0.030831066213056858,0.008781968482866033,0.0,0.0,0.0,0.0,0.64
1,0.031489832885448085,0.030831066213056858,0.01317295272429905,0.0,0.0,0.0,0.0,0.66
1,0.031489832885448085,0.030831066213056858,0.017563936965732066,0.0,0.0,0.0,0.0,0.66
1,0.031489832885448085,0.030831066213056858,0.021954921207165082,0.0,0.0,0.0,0.0,0.64
1,0.031489832885448085,0.030831066213056858,0.0263459054485981,0.0,0.0,0.0,0.0,0.62
1,0.031489832885448085,0.030831066213056858,0.030736889690031115,0.0,0.0,0.0,0.0,0.62
1,0.031489832885448085,0.030831066213056858,0.03512787393146413,0.0,0.0,0.0,0.0,0.58
1,0.031489832885448085,0.030831066213056858,0.03951885817289715,0.0,0.0,0.0,0.0,0.53
1,0.03498870320605343,0.010277022071018953,0.007318307069055027,0.0,0.0,0.0,0.0,0.71
1,0.03498870320605343,0.020554044142037906,0.014636614138110054,0.0,0.0,0.0,0.0,0.61
1,0.03498870320605343,0.030831066213056858,0.021954921207165082,0.0,0.0,0.0,0.0,0.54
1,0.03498870320605343,0.04110808828407581,0.029273228276220108,0.0,0.0,0.0,0.0,0.43
1,0.03498870320605343,0.051385110355094764,0.036591535345275136,0.0,0.0,0.0,0.0,0.3
1,0.04198644384726412,0.04110808828407581,0.0043909842414330165,0.0,0.0,0.0,0.0,0.48
1,0.04198644384726412,0.04110808828407581,0.008781968482866033,0.0,0.0,0.0,0.0,0.52
1,0.04198644384726412,0.04110808828407581,0.01317295272429905,0.0,0.0,0.0,0.0,0.49
1,0.04198644384726412,0.04110808828407581,0.017563936965732066,0.0,0.0,0.0,0.0,0.49
1,0.04198644384726412,0.04110808828407581,0.021954921207165082,0.0,0.0,0.0,0.0,0.5
1,0.04198644384726412,0.04110808828407581,0.0263459054485981,0.0,0.0,0.0,0.0,0.51
1,0.04198644384726412,0.04110808828407581,0.030736889690031115,0.0,0.0,0.0,0.0,0.48
1,0.04198644384726412,0.04110808828407581,0.03512787393146413,0.0,0.0,0.0,0.0,0.44
1,0.04198644384726412,0.04110808828407581,0.03951885817289715,0.0,0.0,0.0,0.0,0.44
1,0.043735879007566786,0.010277022071018953,0.007318307069055027,0.0,0.0,0.0,0.0,0.6
1,0.043735879007566786,0.020554044142037906,0.014636614138110054,0.0,0.0,0.0,0.0,0.58
1,0.043735879007566786,0.030831066213056858,0.021954921207165082,0.0,0.0,0.0,0.0,0.5
1,0.043735879007566786,0.04110808828407581,0.029273228276220108,0.0,0.0,0.0,0.0,0.4
1,0.043735879007566786,0.051385110355094764,0.036591535345275136,0.0,0.0,0.0,0.0,0.31
1,0.052483054809080144,0.010277022071018953,0.007318307069055027,0.0,0.0,0.0,0.0,0.51
1,0.052483054809080144,0.020554044142037906,0.014636614138110054,0.0,0.0,0.0,0.0,0.51
1,0.052483054809080144,0.030831066213056858,0.021954921207165082,0.0,0.0,0.0,0.0,0.48
1,0.052483054809080144,0.04110808828407581,0.029273228276220108,0.0,0.0,0.0,0.0,0.36
1,0.052483054809080144,0.051385110355094764,0.0043909842414330165,0.0,0.0,0.0,0.0,0.33
1,0.052483054809080144,0.051385110355094764,0.008781968482866033,0.0,0.0,0.0,0.0,0.37
1,0.052483054809080144,0.051385110355094764,0.01317295272429905,0.0,0.0,0.0,0.0,0.36
1,0.052483054809080144,0.051385110355094764,0.017563936965732066,0.0,0.0,0.0,0.0,0.35
1,0.052483054809080144,0.051385110355094764,0.021954921207165082,0.0,0.0,0.0,0.0,0.35
1,0.052483054809080144,0.051385110355094764,0.0263459054485981,0.0,0.0,0.0,0.0,0.37
1,0.052483054809080144,0.051385110355094764,0.030736889690031115,0.0,0.0,0.0,0.0,0.34
1,0.052483054809080144,0.051385110355094764,0.03512787393146413,0.0,0.0,0.0,0.0,0.3
1,0.052483054809080144,0.051385110355094764,0.036591535345275136,0.0,0.0,0.0,0.0,0.28
1,0.052483054809080144,0.051385110355094764,0.03951885817289715,0.0,0.0,0.0,0.0,0.3
1,0.0612302306105935,0.010277022071018953,0.007318307069055027,0.0,0.0,0.0,0.0,0.55
1,0.0612302306105935,0.020554044142037906,0.014636614138110054,0.0,0.0,0.0,0.0,0.46
1,0.0612302306105935,0.030831066213056858,0.021954921207165082,0.0,0.0,0.0,0.0,0.44
1,0.0612302306105935,0.04110808828407581,0.029273228276220108,0.0,0.0,0.0,0.0,0.29
1,0.0612302306105935,0.051385110355094764,0.036591535345275136,0.0,0.0,0.0,0.0,0.25
1,0.06997740641210685,0.010277022071018953,0.007318307069055027,0.0,0.0,0.0,0.0,0.52
1,0.06997740641210685,0.020554044142037906,0.014636614138110054,0.0,0.0,0.0,0.0,0.46
1,0.06997740641210685,0.030831066213056858,0.021954921207165082,0.0,0.0,0.0,0.0,0.4
1,0.06997740641210685,0.04110808828407581,0.029273228276220108,0.0,0.0,0.0,0.0,0.31
1,0.06997740641210685,0.051385110355094764,0.036591535345275136,0.0,0.0,0.0,0.0,0.21
1,0.07872458221362022,0.010277022071018953,0.007318307069055027,0.0,0.0,0.0,0.0,0.48
1,0.07872458221362022,0.020554044142037906,0.014636614138110054,0.0,0.0,0.0,0.0,0.38
1,0.07872458221362022,0.030831066213056858,0.021954921207165082,0.0,0.0,0.0,0.0,0.36
1,0.07872458221362022,0.04110808828407581,0.029273228276220108,0.0,0.0,0.0,0.0,0.29
1,0.07872458221362022,0.051385110355094764,0.036591535345275136,0.0,0.0,0.0,0.0,0.19
2,0.0,0.00653992313610297,0.0043909842414330165,0.011718120625657144,0.0,0.0,0.0,0.73
2,0.0,0.01307984627220594,0.0043909842414330165,0.02343624125131429,0.0,0.0,0.0,0.49
2,0.0,0.01961976940830891,0.0043909842414330165,0.03515436187697143,0.0,0.0,0.0,0.4
2,0.0,0.02615969254441188,0.0043909842414330165,0.04687248250262858,0.0,0.0,0.0,0.29
2,0.0,0.03269961568051485,0.0043909842414330165,0.05859060312828572,0.0,0.0,0.0,0.15
2,0.0,0.004484518721899179,0.007318307069055027,0.011718120625657144,0.0,0.0,0.0,0.63
2,0.0,0.008969037443798358,0.007318307069055027,0.011718120625657144,0.0,0.0,0.0,0.61
2,0.0,0.013453556165697537,0.007318307069055027,0.011718120625657144,0.0,0.0,0.0,0.62
2,0.0,0.017938074887596717,0.007318307069055027,0.011718120625657144,0.0,0.0,0.0,0.65
2,0.0,0.022422593609495896,0.007318307069055027,0.011718120625657144,0.0,0.0,0.0,0.57
2,0.0,0.026907112331395075,0.007318307069055027,0.011718120625657144,0.0,0.0,0.0,0.51
2,0.0,0.031391631053294254,0.007318307069055027,0.011718120625657144,0.0,0.0,0.0,0.5
2,0.0,0.03587614977519343,0.007318307069055027,0.011718120625657144,0.0,0.0,0.0,0.48
2,0.0,0.04036066849709262,0.007318307069055027,0.011718120625657144,0.0,0.0,0.0,0.5
2,0.0,0.00653992313610297,0.008781968482866033,0.011718120625657144,0.0,0.0,0.0,0.75
2,0.0,0.01307984627220594,0.008781968482866033,0.02343624125131429,0.0,0.0,0.0,0.61
2,0.0,0.01961976940830891,0.008781968482866033,0.03515436187697143,0.0,0.0,0.0,0.45
2,0.0,0.02615969254441188,0.008781968482866033,0.04687248250262858,0.0,0.0,0.0,0.22
2,0.0,0.03269961568051485,0.008781968482866033,0.05859060312828572,0.0,0.0,0.0,0.16
2,0.0,0.00653992313610297,0.01317295272429905,0.011718120625657144,0.0,0.0,0.0,0.74
2,0.0,0.01307984627220594,0.01317295272429905,0.02343624125131429,0.0,0.0,0.0,0.6
2,0.0,0.01961976940830891,0.01317295272429905,0.03515436187697143,0.0,0.0,0.0,0.45
2,0.0,0.02615969254441188,0.01317295272429905,0.04687248250262858,0.0,0.0,0.0,0.32
2,0.0,0.03269961568051485,0.01317295272429905,0.05859060312828572,0.0,0.0,0.0,0.15
2,0.0,0.004484518721899179,0.014636614138110054,0.02343624125131429,0.0,0.0,0.0,0.52
2,0.0,0.008969037443798358,0.014636614138110054,0.02343624125131429,0.0,0.0,0.0,0.52
2,0.0,0.013453556165697537,0.014636614138110054,0.02343624125131429,0.0,0.0,0.0,0.49
2,0.0,0.017938074887596717,0.014636614138110054,0.02343624125131429,0.0,0.0,0.0,0.47
2,0.0,0.022422593609495896,0.014636614138110054,0.02343624125131429,0.0,0.0,0.0,0.44
2,0.0,0.026907112331395075,0.014636614138110054,0.02343624125131429,0.0,0.0,0.0,0.45
2,0.0,0.031391631053294254,0.014636614138110054,0.02343624125131429,0.0,0.0,0.0,0.46
2,0.0,0.03587614977519343,0.014636614138110054,0.02343624125131429,0.0,0.0,0.0,0.35
2,0.0,0.04036066849709262,0.014636614138110054,0.02343624125131429,0.0,0.0,0.0,0.39
2,0.0,0.00653992313610297,0.017563936965732066,0.011718120625657144,0.0,0.0,0.0,0.69
2,0.0,0.01307984627220594,0.017563936965732066,0.02343624125131429,0.0,0.0,0.0,0.54
2,0.0,0.01961976940830891,0.017563936965732066,0.03515436187697143,0.0,0.0,0.0,0.43
2,0.0,0.02615969254441188,0.017563936965732066,0.04687248250262858,0.0,0.0,0.0,0.24
2,0.0,0.03269961568051485,0.017563936965732066,0.05859060312828572,0.0,0.0,0.0,0.16
2,0.0,0.004484518721899179,0.021954921207165082,0.03515436187697143,0.0,0.0,0.0,0.4
2,0.0,0.00653992313610297,0.021954921207165082,0.011718120625657144,0.0,0.0,0.0,0.67
2,0.0,0.008969037443798358,0.021954921207165082,0.03515436187697143,0.0,0.0,0.0,0.4
2,0.0,0.01307984627220594,0.021954921207165082,0.02343624125131429,0.0,0.0,0.0,0.55
2,0.0,0.013453556165697537,0.021954921207165082,0.03515436187697143,0.0,0.0,0.0,0.37
2,0.0,0.017938074887596717,0.021954921207165082,0.03515436187697143,0.0,0.0,0.0,0.36
2,0.0,0.01961976940830891,0.021954921207165082,0.03515436187697143,0.0,0.0,0.0,0.42
2,0.0,0.022422593609495896,0.021954921207165082,0.03515436187697143,0.0,0.0,0.0,0.36
2,0.0,0.02615969254441188,0.021954921207165082,0.04687248250262858,0.0,0.0,0.0,0.23
2,0.0,0.026907112331395075,0.021954921207165082,0.03515436187697143,0.0,0.0,0.0,0.34
2,0.0,0.031391631053294254,0.021954921207165082,0.03515436187697143,0.0,0.0,0.0,0.33
2,0.0,0.03269961568051485,0.021954921207165082,0.05859060312828572,0.0,0.0,0.0,0.17
2,0.0,0.03587614977519343,0.021954921207165082,0.03515436187697143,0.0,0.0,0.0,0.32
2,0.0,0.04036066849709262,0.021954921207165082,0.03515436187697143,0.0,0.0,0.0,0.31
2,0.0,0.00653992313610297,0.0263459054485981,0.011718120625657144,0.0,0.0,0.0,0.7
2,0.0,0.01307984627220594,0.0263459054485981,0.02343624125131429,0.0,0.0,0.0,0.55
2,0.0,0.01961976940830891,0.0263459054485981,0.03515436187697143,0.0,0.0,0.0,0.43
2,0.0,0.02615969254441188,0.0263459054485981,0.04687248250262858,0.0,0.0,0.0,0.29
2,0.0,0.03269961568051485,0.0263459054485981,0.05859060312828572,0.0,0.0,0.0,0.16
2,0.0,0.004484518721899179,0.029273228276220108,0.04687248250262858,0.0,0.0,0.0,0.2
2,0.0,0.008969037443798358,0.029273228276220108,0.04687248250262858,0.0,0.0,0.0,0.24
2,0.0,0.013453556165697537,0.029273228276220108,0.04687248250262858,0.0,0.0,0.0,0.29
2,0.0,0.017938074887596717,0.029273228276220108,0.04687248250262858,0.0,0.0,0.0,0.21
2,0.0,0.022422593609495896,0.029273228276220108,0.04687248250262858,0.0,0.0,0.0,0.22
2,0.0,0.026907112331395075,0.029273228276220108,0.04687248250262858,0.0,0.0,0.0,0.23
2,0.0,0.031391631053294254,0.029273228276220108,0.04687248250262858,0.0,0.0,0.0,0.23
2,0.0,0.03587614977519343,0.029273228276220108,0.04687248250262858,0.0,0.0,0.0,0.17
2,0.0,0.04036066849709262,0.029273228276220108,0.04687248250262858,0.0,0.0,0.0,0.17
2,0.0,0.00653992313610297,0.030736889690031115,0.011718120625657144,0.0,0.0,0.0,0.59
2,0.0,0.01307984627220594,0.030736889690031115,0.02343624125131429,0.0,0.0,0.0,0.45
2,0.0,0.01961976940830891,0.030736889690031115,0.03515436187697143,0.0,0.0,0.0,0.39
2,0.0,0.02615969254441188,0.030736889690031115,0.04687248250262858,0.0,0.0,0.0,0.09
2,0.0,0.03269961568051485,0.030736889690031115,0.05859060312828572,0.0,0.0,0.0,0.13
2,0.0,0.00653992313610297,0.03512787393146413,0.011718120625657144,0.0,0.0,0.0,0.65
2,0.0,0.01307984627220594,0.03512787393146413,0.02343624125131429,0.0,0.0,0.0,0.48
2,0.0,0.01961976940830891,0.03512787393146413,0.03515436187697143,0.0,0.0,0.0,0.37
2,0.0,0.02615969254441188,0.03512787393146413,0.04687248250262858,0.0,0.0,0.0,0.2
2,0.0,0.03269961568051485,0.03512787393146413,0.05859060312828572,0.0,0.0,0.0,0.14
2,0.0,0.004484518721899179,0.036591535345275136,0.05859060312828572,0.0,0.0,0.0,0.18
2,0.0,0.008969037443798358,0.036591535345275136,0.05859060312828572,0.0,0.0,0.0,0.17
2,0.0,0.013453556165697537,0.036591535345275136,0.05859060312828572,0.0,0.0,0.0,0.15
2,0.0,0.017938074887596717,0.036591535345275136,0.05859060312828572,0.0,0.0,0.0,0.15
2,0.0,0.022422593609495896,0.036591535345275136,0.05859060312828572,0.0,0.0,0.0,0.15
2,0.0,0.026907112331395075,0.036591535345275136,0.05859060312828572,0.0,0.0,0.0,0.14
2,0.0,0.031391631053294254,0.036591535345275136,0.05859060312828572,0.0,0.0,0.0,0.12
2,0.0,0.03587614977519343,0.036591535345275136,0.05859060312828572,0.0,0.0,0.0,0.13
2,0.0,0.04036066849709262,0.036591535345275136,0.05859060312828572,0.0,0.0,0.0,0.13
2,0.0,0.00653992313610297,0.03951885817289715,0.011718120625657144,0.0,0.0,0.0,0.63
2,0.0,0.01307984627220594,0.03951885817289715,0.02343624125131429,0.0,0.0,0.0,0.43
2,0.0,0.01961976940830891,0.03951885817289715,0.03515436187697143,0.0,0.0,0.0,0.36
2,0.0,0.02615969254441188,0.03951885817289715,0.04687248250262858,0.0,0.0,0.0,0.18
2,0.0,0.03269961568051485,0.03951885817289715,0.05859060312828572,0.0,0.0,0.0,0.13
3,0.006997740641210687,0.0,0.0043909842414330165,0.0,0.007807201797536161,0.0,0.0,0.94
3,0.013995481282421373,0.0,0.0043909842414330165,0.0,0.015614403595072322,0.0,0.0,0.84
3,0.02099322192363206,0.0,0.0043909842414330165,0.0,0.023421605392608482,0.0,0.0,0.87
3,0.027990962564842747,0.0,0.0043909842414330165,0.0,0.031228807190144644,0.0,0.0,0.83
3,0.03498870320605343,0.0,0.0043909842414330165,0.0,0.0390360089876808,0.0,0.0,0.77
3,0.04198644384726412,0.0,0.0043909842414330165,0.0,0.046843210785216964,0.0,0.0,0.74
3,0.0489841844884748,0.0,0.0043909842414330165,0.0,0.054650412582753126,0.0,0.0,0.69
3,0.006997740641210687,0.0,0.007318307069055027,0.0,0.004461258170020663,0.0,0.0,0.91
3,0.004373587900756678,0.0,0.007318307069055027,0.0,0.007807201797536161,0.0,0.0,0.94
3,0.008747175801513357,0.0,0.007318307069055027,0.0,0.007807201797536161,0.0,0.0,0.93
3,0.013120763702270036,0.0,0.007318307069055027,0.0,0.007807201797536161,0.0,0.0,0.95
3,0.017494351603026714,0.0,0.007318307069055027,0.0,0.007807201797536161,0.0,0.0,0.96
3,0.021867939503783393,0.0,0.007318307069055027,0.0,0.007807201797536161,0.0,0.0,0.9
3,0.026241527404540072,0.0,0.007318307069055027,0.0,0.007807201797536161,0.0,0.0,0.84
3,0.03061511530529675,0.0,0.007318307069055027,0.0,0.007807201797536161,0.0,0.0,0.83
3,0.03498870320605343,0.0,0.007318307069055027,0.0,0.007807201797536161,0.0,0.0,0.82
3,0.03936229110681011,0.0,0.007318307069055027,0.0,0.007807201797536161,0.0,0.0,0.78
3,0.043735879007566786,0.0,0.007318307069055027,0.0,0.007807201797536161,0.0,0.0,0.76
3,0.04810946690832347,0.0,0.007318307069055027,0.0,0.007807201797536161,0.0,0.0,0.73
3,0.006997740641210687,0.0,0.007318307069055027,0.0,0.008922516340041327,0.0,0.0,0.93
3,0.006997740641210687,0.0,0.007318307069055027,0.0,0.01338377451006199,0.0,0.0,0.95
3,0.006997740641210687,0.0,0.007318307069055027,0.0,0.017845032680082654,0.0,0.0,0.96
3,0.006997740641210687,0.0,0.007318307069055027,0.0,0.022306290850103317,0.0,0.0,0.97
3,0.006997740641210687,0.0,0.007318307069055027,0.0,0.02676754902012398,0.0,0.0,0.98
3,0.006997740641210687,0.0,0.007318307069055027,0.0,0.031228807190144644,0.0,0.0,0.96
3,0.006997740641210687,0.0,0.007318307069055027,0.0,0.03569006536016531,0.0,0.0,0.94
3,0.006997740641210687,0.0,0.007318307069055027,0.0,0.040151323530185974,0.0,0.0,0.99
3,0.006997740641210687,0.0,0.007318307069055027,0.0,0.044612581700206634,0.0,0.0,0.92
3,0.006997740641210687,0.0,0.007318307069055027,0.0,0.0490738398702273,0.0,0.0,0.83
3,0.006997740641210687,0.0,0.008781968482866033,0.0,0.007807201797536161,0.0,0.0,0.94
3,0.013995481282421373,0.0,0.008781968482866033,0.0,0.015614403595072322,0.0,0.0,0.91
3,0.02099322192363206,0.0,0.008781968482866033,0.0,0.023421605392608482,0.0,0.0,0.88
3,0.027990962564842747,0.0,0.008781968482866033,0.0,0.031228807190144644,0.0,0.0,0.84
3,0.03498870320605343,0.0,0.008781968482866033,0.0,0.0390360089876808,0.0,0.0,0.76
3,0.04198644384726412,0.0,0.008781968482866033,0.0,0.046843210785216964,0.0,0.0,0.73
3,0.0489841844884748,0.0,0.008781968482866033,0.0,0.054650412582753126,0.0,0.0,0.65
3,0.006997740641210687,0.0,0.01317295272429905,0.0,0.007807201797536161,0.0,0.0,0.92
3,0.013995481282421373,0.0,0.01317295272429905,0.0,0.015614403595072322,0.0,0.0,0.91
3,0.02099322192363206,0.0,0.01317295272429905,0.0,0.023421605392608482,0.0,0.0,0.87
3,0.027990962564842747,0.0,0.01317295272429905,0.0,0.031228807190144644,0.0,0.0,0.84
3,0.03498870320605343,0.0,0.01317295272429905,0.0,0.0390360089876808,0.0,0.0,0.77
3,0.04198644384726412,0.0,0.01317295272429905,0.0,0.046843210785216964,0.0,0.0,0.74
3,0.0489841844884748,0.0,0.01317295272429905,0.0,0.054650412582753126,0.0,0.0,0.67
3,0.013995481282421373,0.0,0.014636614138110054,0.0,0.004461258170020663,0.0,0.0,0.89
3,0.013995481282421373,0.0,0.014636614138110054,0.0,0.008922516340041327,0.0,0.0,0.9
3,0.013995481282421373,0.0,0.014636614138110054,0.0,0.01338377451006199,0.0,0.0,0.9
3,0.004373587900756678,0.0,0.014636614138110054,0.0,0.015614403595072322,0.0,0.0,0.95
3,0.008747175801513357,0.0,0.014636614138110054,0.0,0.015614403595072322,0.0,0.0,0.97
3,0.013120763702270036,0.0,0.014636614138110054,0.0,0.015614403595072322,0.0,0.0,0.94
3,0.017494351603026714,0.0,0.014636614138110054,0.0,0.015614403595072322,0.0,0.0,0.9
3,0.021867939503783393,0.0,0.014636614138110054,0.0,0.015614403595072322,0.0,0.0,0.9
3,0.026241527404540072,0.0,0.014636614138110054,0.0,0.015614403595072322,0.0,0.0,0.86
3,0.03061511530529675,0.0,0.014636614138110054,0.0,0.015614403595072322,0.0,0.0,0.81
3,0.03498870320605343,0.0,0.014636614138110054,0.0,0.015614403595072322,0.0,0.0,0.79
3,0.03936229110681011,0.0,0.014636614138110054,0.0,0.015614403595072322,0.0,0.0,0.77
3,0.043735879007566786,0.0,0.014636614138110054,0.0,0.015614403595072322,0.0,0.0,0.72
3,0.04810946690832347,0.0,0.014636614138110054,0.0,0.015614403595072322,0.0,0.0,0.69
3,0.013995481282421373,0.0,0.014636614138110054,0.0,0.017845032680082654,0.0,0.0,0.89
3,0.013995481282421373,0.0,0.014636614138110054,0.0,0.022306290850103317,0.0,0.0,0.92
3,0.013995481282421373,0.0,0.014636614138110054,0.0,0.02676754902012398,0.0,0.0,0.93
3,0.013995481282421373,0.0,0.014636614138110054,0.0,0.031228807190144644,0.0,0.0,0.87
3,0.013995481282421373,0.0,0.014636614138110054,0.0,0.03569006536016531,0.0,0.0,0.93
3,0.013995481282421373,0.0,0.014636614138110054,0.0,0.040151323530185974,0.0,0.0,0.92
3,0.013995481282421373,0.0,0.014636614138110054,0.0,0.044612581700206634,0.0,0.0,0.89
3,0.013995481282421373,0.0,0.014636614138110054,0.0,0.0490738398702273,0.0,0.0,0.89
3,0.006997740641210687,0.0,0.017563936965732066,0.0,0.007807201797536161,0.0,0.0,0.93
3,0.013995481282421373,0.0,0.017563936965732066,0.0,0.015614403595072322,0.0,0.0,0.88
3,0.02099322192363206,0.0,0.017563936965732066,0.0,0.023421605392608482,0.0,0.0,0.85
3,0.027990962564842747,0.0,0.017563936965732066,0.0,0.031228807190144644,0.0,0.0,0.81
3,0.03498870320605343,0.0,0.017563936965732066,0.0,0.0390360089876808,0.0,0.0,0.72
3,0.04198644384726412,0.0,0.017563936965732066,0.0,0.046843210785216964,0.0,0.0,0.71
3,0.0489841844884748,0.0,0.017563936965732066,0.0,0.054650412582753126,0.0,0.0,0.65
3,0.02099322192363206,0.0,0.021954921207165082,0.0,0.004461258170020663,0.0,0.0,0.82
3,0.006997740641210687,0.0,0.021954921207165082,0.0,0.007807201797536161,0.0,0.0,0.89
3,0.02099322192363206,0.0,0.021954921207165082,0.0,0.008922516340041327,0.0,0.0,0.81
3,0.02099322192363206,0.0,0.021954921207165082,0.0,0.01338377451006199,0.0,0.0,0.82
3,0.013995481282421373,0.0,0.021954921207165082,0.0,0.015614403595072322,0.0,0.0,0.88
3,0.02099322192363206,0.0,0.021954921207165082,0.0,0.017845032680082654,0.0,0.0,0.82
3,0.02099322192363206,0.0,0.021954921207165082,0.0,0.022306290850103317,0.0,0.0,0.85
3,0.004373587900756678,0.0,0.021954921207165082,0.0,0.023421605392608482,0.0,0.0,0.87
3,0.008747175801513357,0.0,0.021954921207165082,0.0,0.023421605392608482,0.0,0.0,0.85
3,0.013120763702270036,0.0,0.021954921207165082,0.0,0.023421605392608482,0.0,0.0,0.88
3,0.017494351603026714,0.0,0.021954921207165082,0.0,0.023421605392608482,0.0,0.0,0.86
3,0.02099322192363206,0.0,0.021954921207165082,0.0,0.023421605392608482,0.0,0.0,0.85
3,0.021867939503783393,0.0,0.021954921207165082,0.0,0.023421605392608482,0.0,0.0,0.84
3,0.026241527404540072,0.0,0.021954921207165082,0.0,0.023421605392608482,0.0,0.0,0.85
3,0.03061511530529675,0.0,0.021954921207165082,0.0,0.023421605392608482,0.0,0.0,0.79
3,0.03498870320605343,0.0,0.021954921207165082,0.0,0.023421605392608482,0.0,0.0,0.77
3,0.03936229110681011,0.0,0.021954921207165082,0.0,0.023421605392608482,0.0,0.0,0.71
3,0.043735879007566786,0.0,0.021954921207165082,0.0,0.023421605392608482,0.0,0.0,0.71
3,0.04810946690832347,0.0,0.021954921207165082,0.0,0.023421605392608482,0.0,0.0,0.66
3,0.02099322192363206,0.0,0.021954921207165082,0.0,0.02676754902012398,0.0,0.0,0.87
3,0.02099322192363206,0.0,0.021954921207165082,0.0,0.031228807190144644,0.0,0.0,0.87
3,0.027990962564842747,0.0,0.021954921207165082,0.0,0.031228807190144644,0.0,0.0,0.81
3,0.02099322192363206,0.0,0.021954921207165082,0.0,0.03569006536016531,0.0,0.0,0.83
3,0.03498870320605343,0.0,0.021954921207165082,0.0,0.0390360089876808,0.0,0.0,0.75
3,0.02099322192363206,0.0,0.021954921207165082,0.0,0.040151323530185974,0.0,0.0,0.82
3,0.02099322192363206,0.0,0.021954921207165082,0.0,0.044612581700206634,0.0,0.0,0.85
3,0.04198644384726412,0.0,0.021954921207165082,0.0,0.046843210785216964,0.0,0.0,0.72
3,0.02099322192363206,0.0,0.021954921207165082,0.0,0.0490738398702273,0.0,0.0,0.81
3,0.0489841844884748,0.0,0.021954921207165082,0.0,0.054650412582753126,0.0,0.0,0.66
3,0.006997740641210687,0.0,0.0263459054485981,0.0,0.007807201797536161,0.0,0.0,0.85
3,0.013995481282421373,0.0,0.0263459054485981,0.0,0.015614403595072322,0.0,0.0,0.87
3,0.02099322192363206,0.0,0.0263459054485981,0.0,0.023421605392608482,0.0,0.0,0.85
3,0.027990962564842747,0.0,0.0263459054485981,0.0,0.031228807190144644,0.0,0.0,0.79
3,0.03498870320605343,0.0,0.0263459054485981,0.0,0.0390360089876808,0.0,0.0,0.73
3,0.04198644384726412,0.0,0.0263459054485981,0.0,0.046843210785216964,0.0,0.0,0.69
3,0.0489841844884748,0.0,0.0263459054485981,0.0,0.054650412582753126,0.0,0.0,0.66
3,0.027990962564842747,0.0,0.029273228276220108,0.0,0.004461258170020663,0.0,0.0,0.72
3,0.027990962564842747,0.0,0.029273228276220108,0.0,0.008922516340041327,0.0,0.0,0.72
3,0.027990962564842747,0.0,0.029273228276220108,0.0,0.01338377451006199,0.0,0.0,0.74
3,0.027990962564842747,0.0,0.029273228276220108,0.0,0.017845032680082654,0.0,0.0,0.74
3,0.027990962564842747,0.0,0.029273228276220108,0.0,0.022306290850103317,0.0,0.0,0.74
3,0.027990962564842747,0.0,0.029273228276220108,0.0,0.02676754902012398,0.0,0.0,0.74
3,0.004373587900756678,0.0,0.029273228276220108,0.0,0.031228807190144644,0.0,0.0,0.76
3,0.008747175801513357,0.0,0.029273228276220108,0.0,0.031228807190144644,0.0,0.0,0.79
3,0.013120763702270036,0.0,0.029273228276220108,0.0,0.031228807190144644,0.0,0.0,0.75
3,0.017494351603026714,0.0,0.029273228276220108,0.0,0.031228807190144644,0.0,0.0,0.73
3,0.021867939503783393,0.0,0.029273228276220108,0.0,0.031228807190144644,0.0,0.0,0.74
3,0.026241527404540072,0.0,0.029273228276220108,0.0,0.031228807190144644,0.0,0.0,0.75
3,0.027990962564842747,0.0,0.029273228276220108,0.0,0.031228807190144644,0.0,0.0,0.75
3,0.03061511530529675,0.0,0.029273228276220108,0.0,0.031228807190144644,0.0,0.0,0.73
3,0.03498870320605343,0.0,0.029273228276220108,0.0,0.031228807190144644,0.0,0.0,0.71
3,0.03936229110681011,0.0,0.029273228276220108,0.0,0.031228807190144644,0.0,0.0,0.68
3,0.043735879007566786,0.0,0.029273228276220108,0.0,0.031228807190144644,0.0,0.0,0.64
3,0.04810946690832347,0.0,0.029273228276220108,0.0,0.031228807190144644,0.0,0.0,0.62
3,0.027990962564842747,0.0,0.029273228276220108,0.0,0.03569006536016531,0.0,0.0,0.76
3,0.027990962564842747,0.0,0.029273228276220108,0.0,0.040151323530185974,0.0,0.0,0.75
3,0.027990962564842747,0.0,0.029273228276220108,0.0,0.044612581700206634,0.0,0.0,0.73
3,0.027990962564842747,0.0,0.029273228276220108,0.0,0.0490738398702273,0.0,0.0,0.71
3,0.006997740641210687,0.0,0.030736889690031115,0.0,0.007807201797536161,0.0,0.0,0.86
3,0.013995481282421373,0.0,0.030736889690031115,0.0,0.015614403595072322,0.0,0.0,0.81
3,0.02099322192363206,0.0,0.030736889690031115,0.0,0.023421605392608482,0.0,0.0,0.86
3,0.027990962564842747,0.0,0.030736889690031115,0.0,0.031228807190144644,0.0,0.0,0.8
3,0.03498870320605343,0.0,0.030736889690031115,0.0,0.0390360089876808,0.0,0.0,0.67
3,0.04198644384726412,0.0,0.030736889690031115,0.0,0.046843210785216964,0.0,0.0,0.66
3,0.0489841844884748,0.0,0.030736889690031115,0.0,0.054650412582753126,0.0,0.0,0.64
3,0.006997740641210687,0.0,0.03512787393146413,0.0,0.007807201797536161,0.0,0.0,0.74
3,0.013995481282421373,0.0,0.03512787393146413,0.0,0.015614403595072322,0.0,0.0,0.8
3,0.02099322192363206,0.0,0.03512787393146413,0.0,0.023421605392608482,0.0,0.0,0.76
3,0.027990962564842747,0.0,0.03512787393146413,0.0,0.031228807190144644,0.0,0.0,0.73
3,0.03498870320605343,0.0,0.03512787393146413,0.0,0.0390360089876808,0.0,0.0,0.67
3,0.04198644384726412,0.0,0.03512787393146413,0.0,0.046843210785216964,0.0,0.0,0.67
3,0.0489841844884748,0.0,0.03512787393146413,0.0,0.054650412582753126,0.0,0.0,0.58
3,0.03498870320605343,0.0,0.036591535345275136,0.0,0.004461258170020663,0.0,0.0,0.66
3,0.03498870320605343,0.0,0.036591535345275136,0.0,0.008922516340041327,0.0,0.0,0.66
3,0.03498870320605343,0.0,0.036591535345275136,0.0,0.01338377451006199,0.0,0.0,0.68
3,0.03498870320605343,0.0,0.036591535345275136,0.0,0.017845032680082654,0.0,0.0,0.65
3,0.03498870320605343,0.0,0.036591535345275136,0.0,0.022306290850103317,0.0,0.0,0.67
3,0.03498870320605343,0.0,0.036591535345275136,0.0,0.02676754902012398,0.0,0.0,0.67
3,0.03498870320605343,0.0,0.036591535345275136,0.0,0.031228807190144644,0.0,0.0,0.62
3,0.03498870320605343,0.0,0.036591535345275136,0.0,0.03569006536016531,0.0,0.0,0.65
3,0.004373587900756678,0.0,0.036591535345275136,0.0,0.0390360089876808,0.0,0.0,0.72
3,0.008747175801513357,0.0,0.036591535345275136,0.0,0.0390360089876808,0.0,0.0,0.74
3,0.013120763702270036,0.0,0.036591535345275136,0.0,0.0390360089876808,0.0,0.0,0.72
3,0.017494351603026714,0.0,0.036591535345275136,0.0,0.0390360089876808,0.0,0.0,0.72
3,0.021867939503783393,0.0,0.036591535345275136,0.0,0.0390360089876808,0.0,0.0,0.73
3,0.026241527404540072,0.0,0.036591535345275136,0.0,0.0390360089876808,0.0,0.0,0.71
3,0.03061511530529675,0.0,0.036591535345275136,0.0,0.0390360089876808,0.0,0.0,0.63
3,0.03498870320605343,0.0,0.036591535345275136,0.0,0.0390360089876808,0.0,0.0,0.66
3,0.03936229110681011,0.0,0.036591535345275136,0.0,0.0390360089876808,0.0,0.0,0.63
3,0.043735879007566786,0.0,0.036591535345275136,0.0,0.0390360089876808,0.0,0.0,0.59
3,0.04810946690832347,0.0,0.036591535345275136,0.0,0.0390360089876808,0.0,0.0,0.56
3,0.03498870320605343,0.0,0.036591535345275136,0.0,0.040151323530185974,0.0,0.0,0.67
3,0.03498870320605343,0.0,0.036591535345275136,0.0,0.044612581700206634,0.0,0.0,0.65
3,0.03498870320605343,0.0,0.036591535345275136,0.0,0.0490738398702273,0.0,0.0,0.63
3,0.006997740641210687,0.0,0.03951885817289715,0.0,0.007807201797536161,0.0,0.0,0.81
3,0.013995481282421373,0.0,0.03951885817289715,0.0,0.015614403595072322,0.0,0.0,0.78
3,0.02099322192363206,0.0,0.03951885817289715,0.0,0.023421605392608482,0.0,0.0,0.76
3,0.027990962564842747,0.0,0.03951885817289715,0.0,0.031228807190144644,0.0,0.0,0.67
3,0.03498870320605343,0.0,0.03951885817289715,0.0,0.0390360089876808,0.0,0.0,0.67
3,0.04198644384726412,0.0,0.03951885817289715,0.0,0.046843210785216964,0.0,0.0,0.66
3,0.0489841844884748,0.0,0.03951885817289715,0.0,0.054650412582753126,0.0,0.0,0.62
3,0.04198644384726412,0.0,0.043909842414330165,0.0,0.004461258170020663,0.0,0.0,0.59
3,0.006997740641210687,0.0,0.043909842414330165,0.0,0.007807201797536161,0.0,0.0,0.79
3,0.04198644384726412,0.0,0.043909842414330165,0.0,0.008922516340041327,0.0,0.0,0.59
3,0.04198644384726412,0.0,0.043909842414330165,0.0,0.01338377451006199,0.0,0.0,0.6
3,0.013995481282421373,0.0,0.043909842414330165,0.0,0.015614403595072322,0.0,0.0,0.73
3,0.04198644384726412,0.0,0.043909842414330165,0.0,0.017845032680082654,0.0,0.0,0.6
3,0.04198644384726412,0.0,0.043909842414330165,0.0,0.022306290850103317,0.0,0.0,0.6
3,0.02099322192363206,0.0,0.043909842414330165,0.0,0.023421605392608482,0.0,0.0,0.77
3,0.04198644384726412,0.0,0.043909842414330165,0.0,0.02676754902012398,0.0,0.0,0.6
3,0.027990962564842747,0.0,0.043909842414330165,0.0,0.031228807190144644,0.0,0.0,0.7
3,0.04198644384726412,0.0,0.043909842414330165,0.0,0.031228807190144644,0.0,0.0,0.59
3,0.04198644384726412,0.0,0.043909842414330165,0.0,0.03569006536016531,0.0,0.0,0.59
3,0.03498870320605343,0.0,0.043909842414330165,0.0,0.0390360089876808,0.0,0.0,0.65
3,0.04198644384726412,0.0,0.043909842414330165,0.0,0.040151323530185974,0.0,0.0,0.62
3,0.04198644384726412,0.0,0.043909842414330165,0.0,0.044612581700206634,0.0,0.0,0.59
3,0.004373587900756678,0.0,0.043909842414330165,0.0,0.046843210785216964,0.0,0.0,0.7
3,0.008747175801513357,0.0,0.043909842414330165,0.0,0.046843210785216964,0.0,0.0,0.71
3,0.013120763702270036,0.0,0.043909842414330165,0.0,0.046843210785216964,0.0,0.0,0.71
3,0.017494351603026714,0.0,0.043909842414330165,0.0,0.046843210785216964,0.0,0.0,0.72
3,0.021867939503783393,0.0,0.043909842414330165,0.0,0.046843210785216964,0.0,0.0,0.72
3,0.026241527404540072,0.0,0.043909842414330165,0.0,0.046843210785216964,0.0,0.0,0.7
3,0.03061511530529675,0.0,0.043909842414330165,0.0,0.046843210785216964,0.0,0.0,0.65
3,0.03498870320605343,0.0,0.043909842414330165,0.0,0.046843210785216964,0.0,0.0,0.63
3,0.03936229110681011,0.0,0.043909842414330165,0.0,0.046843210785216964,0.0,0.0,0.63
3,0.04198644384726412,0.0,0.043909842414330165,0.0,0.046843210785216964,0.0,0.0,0.64
3,0.043735879007566786,0.0,0.043909842414330165,0.0,0.046843210785216964,0.0,0.0,0.6
3,0.04810946690832347,0.0,0.043909842414330165,0.0,0.046843210785216964,0.0,0.0,0.61
3,0.04198644384726412,0.0,0.043909842414330165,0.0,0.0490738398702273,0.0,0.0,0.54
3,0.0489841844884748,0.0,0.043909842414330165,0.0,0.054650412582753126,0.0,0.0,0.62
3,0.006997740641210687,0.0,0.04830082665576318,0.0,0.007807201797536161,0.0,0.0,0.72
3,0.013995481282421373,0.0,0.04830082665576318,0.0,0.015614403595072322,0.0,0.0,0.75
3,0.02099322192363206,0.0,0.04830082665576318,0.0,0.023421605392608482,0.0,0.0,0.72
3,0.027990962564842747,0.0,0.04830082665576318,0.0,0.031228807190144644,0.0,0.0,0.67
3,0.03498870320605343,0.0,0.04830082665576318,0.0,0.0390360089876808,0.0,0.0,0.64
3,0.04198644384726412,0.0,0.04830082665576318,0.0,0.046843210785216964,0.0,0.0,0.59
3,0.0489841844884748,0.0,0.04830082665576318,0.0,0.054650412582753126,0.0,0.0,0.59
3,0.0489841844884748,0.0,0.051228149483385194,0.0,0.004461258170020663,0.0,0.0,0.55
3,0.0489841844884748,0.0,0.051228149483385194,0.0,0.008922516340041327,0.0,0.0,0.55
3,0.0489841844884748,0.0,0.051228149483385194,0.0,0.01338377451006199,0.0,0.0,0.56
3,0.0489841844884748,0.0,0.051228149483385194,0.0,0.017845032680082654,0.0,0.0,0.55
3,0.0489841844884748,0.0,0.051228149483385194,0.0,0.022306290850103317,0.0,0.0,0.55
3,0.0489841844884748,0.0,0.051228149483385194,0.0,0.02676754902012398,0.0,0.0,0.55
3,0.0489841844884748,0.0,0.051228149483385194,0.0,0.031228807190144644,0.0,0.0,0.55
3,0.0489841844884748,0.0,0.051228149483385194,0.0,0.03569006536016531,0.0,0.0,0.55
3,0.0489841844884748,0.0,0.051228149483385194,0.0,0.040151323530185974,0.0,0.0,0.53
3,0.0489841844884748,0.0,0.051228149483385194,0.0,0.044612581700206634,0.0,0.0,0.55
3,0.0489841844884748,0.0,0.051228149483385194,0.0,0.0490738398702273,0.0,0.0,0.49
3,0.004373587900756678,0.0,0.051228149483385194,0.0,0.054650412582753126,0.0,0.0,0.62
3,0.008747175801513357,0.0,0.051228149483385194,0.0,0.054650412582753126,0.0,0.0,0.65
3,0.013120763702270036,0.0,0.051228149483385194,0.0,0.054650412582753126,0.0,0.0,0.67
3,0.017494351603026714,0.0,0.051228149483385194,0.0,0.054650412582753126,0.0,0.0,0.65
3,0.021867939503783393,0.0,0.051228149483385194,0.0,0.054650412582753126,0.0,0.0,0.65
3,0.026241527404540072,0.0,0.051228149483385194,0.0,0.054650412582753126,0.0,0.0,0.62
3,0.03061511530529675,0.0,0.051228149483385194,0.0,0.054650412582753126,0.0,0.0,0.61
3,0.03498870320605343,0.0,0.051228149483385194,0.0,0.054650412582753126,0.0,0.0,0.58
3,0.03936229110681011,0.0,0.051228149483385194,0.0,0.054650412582753126,0.0,0.0,0.56
3,0.043735879007566786,0.0,0.051228149483385194,0.0,0.054650412582753126,0.0,0.0,0.54
3,0.04810946690832347,0.0,0.051228149483385194,0.0,0.054650412582753126,0.0,0.0,0.51
4,0.0,0.0,0.002927322827622011,0.0070308723753942865,0.007807201797536161,0.0,0.0,0.89
4,0.0,0.0,0.002927322827622011,0.0070308723753942865,0.015614403595072322,0.0,0.0,0.85
4,0.0,0.0,0.002927322827622011,0.0070308723753942865,0.023421605392608482,0.0,0.0,0.82
4,0.0,0.0,0.002927322827622011,0.0070308723753942865,0.031228807190144644,0.0,0.0,0.74
4,0.0,0.0,0.002927322827622011,0.0070308723753942865,0.0390360089876808,0.0,0.0,0.63
4,0.0,0.0,0.002927322827622011,0.0070308723753942865,0.046843210785216964,0.0,0.0,0.51
4,0.0,0.0,0.002927322827622011,0.0070308723753942865,0.054650412582753126,0.0,0.0,0.32
4,0.0,0.0,0.005854645655244022,0.014061744750788573,0.007807201797536161,0.0,0.0,0.82
4,0.0,0.0,0.005854645655244022,0.014061744750788573,0.015614403595072322,0.0,0.0,0.76
4,0.0,0.0,0.005854645655244022,0.014061744750788573,0.023421605392608482,0.0,0.0,0.73
4,0.0,0.0,0.005854645655244022,0.014061744750788573,0.031228807190144644,0.0,0.0,0.66
4,0.0,0.0,0.005854645655244022,0.014061744750788573,0.0390360089876808,0.0,0.0,0.55
4,0.0,0.0,0.005854645655244022,0.014061744750788573,0.046843210785216964,0.0,0.0,0.43
4,0.0,0.0,0.005854645655244022,0.014061744750788573,0.054650412582753126,0.0,0.0,0.29
4,0.0,0.0,0.007318307069055027,0.0070308723753942865,0.004461258170020663,0.0,0.0,0.81
4,0.0,0.0,0.007318307069055027,0.014061744750788573,0.008922516340041327,0.0,0.0,0.79
4,0.0,0.0,0.007318307069055027,0.021092617126182857,0.01338377451006199,0.0,0.0,0.69
4,0.0,0.0,0.007318307069055027,0.028123489501577146,0.017845032680082654,0.0,0.0,0.6
4,0.0,0.0,0.007318307069055027,0.03515436187697143,0.022306290850103317,0.0,0.0,0.45
4,0.0,0.0,0.007318307069055027,0.042185234252365714,0.02676754902012398,0.0,0.0,0.33
4,0.0,0.0,0.007318307069055027,0.04921610662776,0.031228807190144644,0.0,0.0,0.23
4,0.0,0.0,0.007318307069055027,0.05624697900315429,0.03569006536016531,0.0,0.0,0.11
4,0.0,0.0,0.007318307069055027,0.06327785137854858,0.040151323530185974,0.0,0.0,0.0
4,0.0,0.0,0.007318307069055027,0.07030872375394286,0.044612581700206634,0.0,0.0,0.0
4,0.0,0.0,0.008781968482866033,0.021092617126182857,0.007807201797536161,0.0,0.0,0.76
4,0.0,0.0,0.008781968482866033,0.021092617126182857,0.015614403595072322,0.0,0.0,0.7
4,0.0,0.0,0.008781968482866033,0.021092617126182857,0.023421605392608482,0.0,0.0,0.62
4,0.0,0.0,0.008781968482866033,0.021092617126182857,0.031228807190144644,0.0,0.0,0.55
4,0.0,0.0,0.008781968482866033,0.021092617126182857,0.0390360089876808,0.0,0.0,0.44
4,0.0,0.0,0.008781968482866033,0.021092617126182857,0.046843210785216964,0.0,0.0,0.33
4,0.0,0.0,0.008781968482866033,0.021092617126182857,0.054650412582753126,0.0,0.0,0.21
4,0.0,0.0,0.011709291310488043,0.028123489501577146,0.007807201797536161,0.0,0.0,0.66
4,0.0,0.0,0.011709291310488043,0.028123489501577146,0.015614403595072322,0.0,0.0,0.58
4,0.0,0.0,0.011709291310488043,0.028123489501577146,0.023421605392608482,0.0,0.0,0.51
4,0.0,0.0,0.011709291310488043,0.028123489501577146,0.031228807190144644,0.0,0.0,0.43
4,0.0,0.0,0.011709291310488043,0.028123489501577146,0.0390360089876808,0.0,0.0,0.31
4,0.0,0.0,0.011709291310488043,0.028123489501577146,0.046843210785216964,0.0,0.0,0.21
4,0.0,0.0,0.011709291310488043,0.028123489501577146,0.054650412582753126,0.0,0.0,0.12
4,0.0,0.0,0.014636614138110054,0.0070308723753942865,0.004461258170020663,0.0,0.0,0.81
4,0.0,0.0,0.014636614138110054,0.03515436187697143,0.007807201797536161,0.0,0.0,0.56
4,0.0,0.0,0.014636614138110054,0.014061744750788573,0.008922516340041327,0.0,0.0,0.74
4,0.0,0.0,0.014636614138110054,0.021092617126182857,0.01338377451006199,0.0,0.0,0.68
4,0.0,0.0,0.014636614138110054,0.03515436187697143,0.015614403595072322,0.0,0.0,0.48
4,0.0,0.0,0.014636614138110054,0.028123489501577146,0.017845032680082654,0.0,0.0,0.53
4,0.0,0.0,0.014636614138110054,0.03515436187697143,0.022306290850103317,0.0,0.0,0.41
4,0.0,0.0,0.014636614138110054,0.03515436187697143,0.023421605392608482,0.0,0.0,0.45
4,0.0,0.0,0.014636614138110054,0.042185234252365714,0.02676754902012398,0.0,0.0,0.35
4,0.0,0.0,0.014636614138110054,0.03515436187697143,0.031228807190144644,0.0,0.0,0.34
4,0.0,0.0,0.014636614138110054,0.04921610662776,0.031228807190144644,0.0,0.0,0.21
4,0.0,0.0,0.014636614138110054,0.05624697900315429,0.03569006536016531,0.0,0.0,0.13
4,0.0,0.0,0.014636614138110054,0.03515436187697143,0.0390360089876808,0.0,0.0,0.22
4,0.0,0.0,0.014636614138110054,0.06327785137854858,0.040151323530185974,0.0,0.0,0.08
4,0.0,0.0,0.014636614138110054,0.07030872375394286,0.044612581700206634,0.0,0.0,0.08
4,0.0,0.0,0.014636614138110054,0.03515436187697143,0.046843210785216964,0.0,0.0,0.15
4,0.0,0.0,0.014636614138110054,0.03515436187697143,0.054650412582753126,0.0,0.0,0.09
4,0.0,0.0,0.017563936965732066,0.042185234252365714,0.007807201797536161,0.0,0.0,0.49
4,0.0,0.0,0.017563936965732066,0.042185234252365714,0.015614403595072322,0.0,0.0,0.47
4,0.0,0.0,0.017563936965732066,0.042185234252365714,0.023421605392608482,0.0,0.0,0.4
4,0.0,0.0,0.017563936965732066,0.042185234252365714,0.031228807190144644,0.0,0.0,0.31
4,0.0,0.0,0.017563936965732066,0.042185234252365714,0.0390360089876808,0.0,0.0,0.2
4,0.0,0.0,0.017563936965732066,0.042185234252365714,0.046843210785216964,0.0,0.0,0.12
4,0.0,0.0,0.017563936965732066,0.042185234252365714,0.054650412582753126,0.0,0.0,0.08
4,0.0,0.0,0.020491259793354075,0.04921610662776,0.007807201797536161,0.0,0.0,0.43
4,0.0,0.0,0.020491259793354075,0.04921610662776,0.015614403595072322,0.0,0.0,0.39
4,0.0,0.0,0.020491259793354075,0.04921610662776,0.023421605392608482,0.0,0.0,0.36
4,0.0,0.0,0.020491259793354075,0.04921610662776,0.031228807190144644,0.0,0.0,0.22
4,0.0,0.0,0.020491259793354075,0.04921610662776,0.0390360089876808,0.0,0.0,0.16
4,0.0,0.0,0.020491259793354075,0.04921610662776,0.046843210785216964,0.0,0.0,0.11
4,0.0,0.0,0.020491259793354075,0.04921610662776,0.054650412582753126,0.0,0.0,0.08
4,0.0,0.0,0.021954921207165082,0.0070308723753942865,0.004461258170020663,0.0,0.0,0.78
4,0.0,0.0,0.021954921207165082,0.014061744750788573,0.008922516340041327,0.0,0.0,0.72
4,0.0,0.0,0.021954921207165082,0.021092617126182857,0.01338377451006199,0.0,0.0,0.63
4,0.0,0.0,0.021954921207165082,0.028123489501577146,0.017845032680082654,0.0,0.0,0.5
4,0.0,0.0,0.021954921207165082,0.03515436187697143,0.022306290850103317,0.0,0.0,0.44
4,0.0,0.0,0.021954921207165082,0.042185234252365714,0.02676754902012398,0.0,0.0,0.37
4,0.0,0.0,0.021954921207165082,0.04921610662776,0.031228807190144644,0.0,0.0,0.26
4,0.0,0.0,0.021954921207165082,0.05624697900315429,0.03569006536016531,0.0,0.0,0.14
4,0.0,0.0,0.021954921207165082,0.06327785137854858,0.040151323530185974,0.0,0.0,0.1
4,0.0,0.0,0.021954921207165082,0.07030872375394286,0.044612581700206634,0.0,0.0,0.07
4,0.0,0.0,0.023418582620976087,0.05624697900315429,0.007807201797536161,0.0,0.0,0.38
4,0.0,0.0,0.023418582620976087,0.05624697900315429,0.015614403595072322,0.0,0.0,0.24
4,0.0,0.0,0.023418582620976087,0.05624697900315429,0.023421605392608482,0.0,0.0,0.29
4,0.0,0.0,0.023418582620976087,0.05624697900315429,0.031228807190144644,0.0,0.0,0.21
4,0.0,0.0,0.023418582620976087,0.05624697900315429,0.0390360089876808,0.0,0.0,0.14
4,0.0,0.0,0.023418582620976087,0.05624697900315429,0.046843210785216964,0.0,0.0,0.1
4,0.0,0.0,0.023418582620976087,0.05624697900315429,0.054650412582753126,0.0,0.0,0.09
4,0.0,0.0,0.0263459054485981,0.06327785137854858,0.007807201797536161,0.0,0.0,0.22
4,0.0,0.0,0.0263459054485981,0.06327785137854858,0.015614403595072322,0.0,0.0,0.24
4,0.0,0.0,0.0263459054485981,0.06327785137854858,0.023421605392608482,0.0,0.0,0.21
4,0.0,0.0,0.0263459054485981,0.06327785137854858,0.031228807190144644,0.0,0.0,0.18
4,0.0,0.0,0.0263459054485981,0.06327785137854858,0.0390360089876808,0.0,0.0,0.14
4,0.0,0.0,0.0263459054485981,0.06327785137854858,0.046843210785216964,0.0,0.0,0.1
4,0.0,0.0,0.0263459054485981,0.06327785137854858,0.054650412582753126,0.0,0.0,0.09
4,0.0,0.0,0.029273228276220108,0.0070308723753942865,0.004461258170020663,0.0,0.0,0.73
4,0.0,0.0,0.029273228276220108,0.07030872375394286,0.007807201797536161,0.0,0.0,0.2
4,0.0,0.0,0.029273228276220108,0.014061744750788573,0.008922516340041327,0.0,0.0,0.67
4,0.0,0.0,0.029273228276220108,0.021092617126182857,0.01338377451006199,0.0,0.0,0.6
4,0.0,0.0,0.029273228276220108,0.07030872375394286,0.015614403595072322,0.0,0.0,0.19
4,0.0,0.0,0.029273228276220108,0.028123489501577146,0.017845032680082654,0.0,0.0,0.5
4,0.0,0.0,0.029273228276220108,0.03515436187697143,0.022306290850103317,0.0,0.0,0.43
4,0.0,0.0,0.029273228276220108,0.07030872375394286,0.023421605392608482,0.0,0.0,0.17
4,0.0,0.0,0.029273228276220108,0.042185234252365714,0.02676754902012398,0.0,0.0,0.35
4,0.0,0.0,0.029273228276220108,0.04921610662776,0.031228807190144644,0.0,0.0,0.3
4,0.0,0.0,0.029273228276220108,0.07030872375394286,0.031228807190144644,0.0,0.0,0.14
4,0.0,0.0,0.029273228276220108,0.05624697900315429,0.03569006536016531,0.0,0.0,0.18
4,0.0,0.0,0.029273228276220108,0.07030872375394286,0.0390360089876808,0.0,0.0,0.11
4,0.0,0.0,0.029273228276220108,0.06327785137854858,0.040151323530185974,0.0,0.0,0.13
4,0.0,0.0,0.029273228276220108,0.07030872375394286,0.044612581700206634,0.0,0.0,0.09
4,0.0,0.0,0.029273228276220108,0.07030872375394286,0.046843210785216964,0.0,0.0,0.1
4,0.0,0.0,0.029273228276220108,0.07030872375394286,0.054650412582753126,0.0,0.0,0.09
4,0.0,0.0,0.036591535345275136,0.0070308723753942865,0.004461258170020663,0.0,0.0,0.66
4,0.0,0.0,0.036591535345275136,0.014061744750788573,0.008922516340041327,0.0,0.0,0.61
4,0.0,0.0,0.036591535345275136,0.021092617126182857,0.01338377451006199,0.0,0.0,0.55
4,0.0,0.0,0.036591535345275136,0.028123489501577146,0.017845032680082654,0.0,0.0,0.46
4,0.0,0.0,0.036591535345275136,0.03515436187697143,0.022306290850103317,0.0,0.0,0.37
4,0.0,0.0,0.036591535345275136,0.042185234252365714,0.02676754902012398,0.0,0.0,0.35
4,0.0,0.0,0.036591535345275136,0.04921610662776,0.031228807190144644,0.0,0.0,0.21
4,0.0,0.0,0.036591535345275136,0.05624697900315429,0.03569006536016531,0.0,0.0,0.17
4,0.0,0.0,0.036591535345275136,0.06327785137854858,0.040151323530185974,0.0,0.0,0.12
4,0.0,0.0,0.036591535345275136,0.07030872375394286,0.044612581700206634,0.0,0.0,0.1
4,0.0,0.0,0.043909842414330165,0.0070308723753942865,0.004461258170020663,0.0,0.0,0.63
4,0.0,0.0,0.043909842414330165,0.014061744750788573,0.008922516340041327,0.0,0.0,0.55
4,0.0,0.0,0.043909842414330165,0.021092617126182857,0.01338377451006199,0.0,0.0,0.49
4,0.0,0.0,0.043909842414330165,0.028123489501577146,0.017845032680082654,0.0,0.0,0.44
4,0.0,0.0,0.043909842414330165,0.03515436187697143,0.022306290850103317,0.0,0.0,0.39
4,0.0,0.0,0.043909842414330165,0.042185234252365714,0.02676754902012398,0.0,0.0,0.36
4,0.0,0.0,0.043909842414330165,0.04921610662776,0.031228807190144644,0.0,0.0,0.21
4,0.0,0.0,0.043909842414330165,0.05624697900315429,0.03569006536016531,0.0,0.0,0.16
4,0.0,0.0,0.043909842414330165,0.06327785137854858,0.040151323530185974,0.0,0.0,0.13
4,0.0,0.0,0.043909842414330165,0.07030872375394286,0.044612581700206634,0.0,0.0,0.11
5,0.0,0.010277022071018953,0.0,0.0,0.0,0.009837757781922498,0.00643628706556354,0.9
5,0.0,0.020554044142037906,0.0,0.0,0.0,0.009837757781922498,0.01287257413112708,0.79
5,0.0,0.026907112331395075,0.0,0.0,0.0,0.009837757781922498,0.009194695807947913,0.79
5,0.0,0.026907112331395075,0.0,0.0,0.0,0.009837757781922498,0.018389391615895825,0.79
5,0.0,0.026907112331395075,0.0,0.0,0.0,0.009837757781922498,0.02758408742384374,0.76
5,0.0,0.026907112331395075,0.0,0.0,0.0,0.009837757781922498,0.03677878323179165,0.59
5,0.0,0.026907112331395075,0.0,0.0,0.0,0.009837757781922498,0.04597347903973957,0.54
5,0.0,0.026907112331395075,0.0,0.0,0.0,0.009837757781922498,0.05516817484768748,0.49
5,0.0,0.026907112331395075,0.0,0.0,0.0,0.009837757781922498,0.0643628706556354,0.39
5,0.0,0.030831066213056858,0.0,0.0,0.0,0.009837757781922498,0.01930886119669062,0.79
5,0.0,0.04110808828407581,0.0,0.0,0.0,0.009837757781922498,0.02574514826225416,0.57
5,0.0,0.051385110355094764,0.0,0.0,0.0,0.009837757781922498,0.0321814353278177,0.54
5,0.0,0.008969037443798358,0.0,0.0,0.0,0.011477384078909582,0.00643628706556354,0.93
5,0.0,0.010277022071018953,0.0,0.0,0.0,0.011477384078909582,0.005976552275166144,0.83
5,0.0,0.010277022071018953,0.0,0.0,0.0,0.011477384078909582,0.011953104550332288,0.85
5,0.0,0.010277022071018953,0.0,0.0,0.0,0.011477384078909582,0.017929656825498432,0.84
5,0.0,0.010277022071018953,0.0,0.0,0.0,0.011477384078909582,0.023906209100664575,0.89
5,0.0,0.010277022071018953,0.0,0.0,0.0,0.011477384078909582,0.029882761375830718,0.79
5,0.0,0.010277022071018953,0.0,0.0,0.0,0.011477384078909582,0.035859313650996864,0.82
5,0.0,0.010277022071018953,0.0,0.0,0.0,0.011477384078909582,0.04183586592616301,0.75
5,0.0,0.010277022071018953,0.0,0.0,0.0,0.011477384078909582,0.04781241820132915,0.68
5,0.0,0.010277022071018953,0.0,0.0,0.0,0.011477384078909582,0.05378897047649529,0.63
5,0.0,0.010277022071018953,0.0,0.0,0.0,0.011477384078909582,0.059765522751661436,0.53
5,0.0,0.010277022071018953,0.0,0.0,0.0,0.011477384078909582,0.06574207502682758,0.44
5,0.0,0.017938074887596717,0.0,0.0,0.0,0.011477384078909582,0.00643628706556354,0.83
5,0.0,0.026907112331395075,0.0,0.0,0.0,0.011477384078909582,0.00643628706556354,0.78
5,0.0,0.03587614977519343,0.0,0.0,0.0,0.011477384078909582,0.00643628706556354,0.66
5,0.0,0.04484518721899179,0.0,0.0,0.0,0.011477384078909582,0.00643628706556354,0.57
5,0.0,0.010277022071018953,0.0,0.0,0.0,0.019675515563844996,0.00643628706556354,0.71
5,0.0,0.020554044142037906,0.0,0.0,0.0,0.019675515563844996,0.01287257413112708,0.72
5,0.0,0.026907112331395075,0.0,0.0,0.0,0.019675515563844996,0.009194695807947913,0.69
5,0.0,0.026907112331395075,0.0,0.0,0.0,0.019675515563844996,0.018389391615895825,0.77
5,0.0,0.026907112331395075,0.0,0.0,0.0,0.019675515563844996,0.02758408742384374,0.73
5,0.0,0.026907112331395075,0.0,0.0,0.0,0.019675515563844996,0.03677878323179165,0.59
5,0.0,0.026907112331395075,0.0,0.0,0.0,0.019675515563844996,0.04597347903973957,0.5
5,0.0,0.026907112331395075,0.0,0.0,0.0,0.019675515563844996,0.05516817484768748,0.39
5,0.0,0.026907112331395075,0.0,0.0,0.0,0.019675515563844996,0.0643628706556354,0.33
5,0.0,0.030831066213056858,0.0,0.0,0.0,0.019675515563844996,0.01930886119669062,0.66
5,0.0,0.04110808828407581,0.0,0.0,0.0,0.019675515563844996,0.02574514826225416,0.49
5,0.0,0.051385110355094764,0.0,0.0,0.0,0.019675515563844996,0.0321814353278177,0.45
5,0.0,0.008969037443798358,0.0,0.0,0.0,0.021315141860832082,0.01287257413112708,0.78
5,0.0,0.017938074887596717,0.0,0.0,0.0,0.021315141860832082,0.01287257413112708,0.72
5,0.0,0.020554044142037906,0.0,0.0,0.0,0.021315141860832082,0.005976552275166144,0.71
5,0.0,0.020554044142037906,0.0,0.0,0.0,0.021315141860832082,0.011953104550332288,0.67
5,0.0,0.020554044142037906,0.0,0.0,0.0,0.021315141860832082,0.017929656825498432,0.66
5,0.0,0.020554044142037906,0.0,0.0,0.0,0.021315141860832082,0.023906209100664575,0.63
5,0.0,0.020554044142037906,0.0,0.0,0.0,0.021315141860832082,0.029882761375830718,0.65
5,0.0,0.020554044142037906,0.0,0.0,0.0,0.021315141860832082,0.035859313650996864,0.61
5,0.0,0.020554044142037906,0.0,0.0,0.0,0.021315141860832082,0.04183586592616301,0.56
5,0.0,0.020554044142037906,0.0,0.0,0.0,0.021315141860832082,0.04781241820132915,0.51
5,0.0,0.020554044142037906,0.0,0.0,0.0,0.021315141860832082,0.05378897047649529,0.47
5,0.0,0.020554044142037906,0.0,0.0,0.0,0.021315141860832082,0.059765522751661436,0.39
5,0.0,0.020554044142037906,0.0,0.0,0.0,0.021315141860832082,0.06574207502682758,0.35
5,0.0,0.026907112331395075,0.0,0.0,0.0,0.021315141860832082,0.01287257413112708,0.69
5,0.0,0.03587614977519343,0.0,0.0,0.0,0.021315141860832082,0.01287257413112708,0.57
5,0.0,0.04484518721899179,0.0,0.0,0.0,0.021315141860832082,0.01287257413112708,0.53
5,0.0,0.008969037443798358,0.0,0.0,0.0,0.029513273345767494,0.009194695807947913,0.78
5,0.0,0.008969037443798358,0.0,0.0,0.0,0.029513273345767494,0.018389391615895825,0.7
5,0.0,0.008969037443798358,0.0,0.0,0.0,0.029513273345767494,0.02758408742384374,0.67
5,0.0,0.008969037443798358,0.0,0.0,0.0,0.029513273345767494,0.03677878323179165,0.63
5,0.0,0.008969037443798358,0.0,0.0,0.0,0.029513273345767494,0.04597347903973957,0.54
5,0.0,0.008969037443798358,0.0,0.0,0.0,0.029513273345767494,0.05516817484768748,0.49
5,0.0,0.008969037443798358,0.0,0.0,0.0,0.029513273345767494,0.0643628706556354,0.37
5,0.0,0.010277022071018953,0.0,0.0,0.0,0.029513273345767494,0.00643628706556354,0.71
5,0.0,0.017938074887596717,0.0,0.0,0.0,0.029513273345767494,0.009194695807947913,0.72
5,0.0,0.017938074887596717,0.0,0.0,0.0,0.029513273345767494,0.018389391615895825,0.71
5,0.0,0.017938074887596717,0.0,0.0,0.0,0.029513273345767494,0.02758408742384374,0.66
5,0.0,0.017938074887596717,0.0,0.0,0.0,0.029513273345767494,0.03677878323179165,0.54
5,0.0,0.017938074887596717,0.0,0.0,0.0,0.029513273345767494,0.04597347903973957,0.51
5,0.0,0.017938074887596717,0.0,0.0,0.0,0.029513273345767494,0.05516817484768748,0.41
5,0.0,0.017938074887596717,0.0,0.0,0.0,0.029513273345767494,0.0643628706556354,0.36
5,0.0,0.020554044142037906,0.0,0.0,0.0,0.029513273345767494,0.01287257413112708,0.66
5,0.0,0.026907112331395075,0.0,0.0,0.0,0.029513273345767494,0.009194695807947913,0.6
5,0.0,0.026907112331395075,0.0,0.0,0.0,0.029513273345767494,0.018389391615895825,0.62
5,0.0,0.026907112331395075,0.0,0.0,0.0,0.029513273345767494,0.02758408742384374,0.58
5,0.0,0.026907112331395075,0.0,0.0,0.0,0.029513273345767494,0.03677878323179165,0.51
5,0.0,0.026907112331395075,0.0,0.0,0.0,0.029513273345767494,0.04597347903973957,0.45
5,0.0,0.026907112331395075,0.0,0.0,0.0,0.029513273345767494,0.05516817484768748,0.37
5,0.0,0.026907112331395075,0.0,0.0,0.0,0.029513273345767494,0.0643628706556354,0.28
5,0.0,0.030831066213056858,0.0,0.0,0.0,0.029513273345767494,0.01930886119669062,0.57
5,0.0,0.03587614977519343,0.0,0.0,0.0,0.029513273345767494,0.009194695807947913,0.58
5,0.0,0.03587614977519343,0.0,0.0,0.0,0.029513273345767494,0.018389391615895825,0.56
5,0.0,0.03587614977519343,0.0,0.0,0.0,0.029513273345767494,0.02758408742384374,0.55
5,0.0,0.03587614977519343,0.0,0.0,0.0,0.029513273345767494,0.03677878323179165,0.49
5,0.0,0.03587614977519343,0.0,0.0,0.0,0.029513273345767494,0.04597347903973957,0.39
5,0.0,0.03587614977519343,0.0,0.0,0.0,0.029513273345767494,0.05516817484768748,0.35
5,0.0,0.03587614977519343,0.0,0.0,0.0,0.029513273345767494,0.0643628706556354,0.26
5,0.0,0.04110808828407581,0.0,0.0,0.0,0.029513273345767494,0.02574514826225416,0.51
5,0.0,0.04484518721899179,0.0,0.0,0.0,0.029513273345767494,0.009194695807947913,0.56
5,0.0,0.04484518721899179,0.0,0.0,0.0,0.029513273345767494,0.018389391615895825,0.55
5,0.0,0.04484518721899179,0.0,0.0,0.0,0.029513273345767494,0.02758408742384374,0.52
5,0.0,0.04484518721899179,0.0,0.0,0.0,0.029513273345767494,0.03677878323179165,0.45
5,0.0,0.04484518721899179,0.0,0.0,0.0,0.029513273345767494,0.04597347903973957,0.39
5,0.0,0.04484518721899179,0.0,0.0,0.0,0.029513273345767494,0.05516817484768748,0.3
5,0.0,0.04484518721899179,0.0,0.0,0.0,0.029513273345767494,0.0643628706556354,0.22
5,0.0,0.051385110355094764,0.0,0.0,0.0,0.029513273345767494,0.0321814353278177,0.42
5,0.0,0.008969037443798358,0.0,0.0,0.0,0.03279252593974166,0.01930886119669062,0.63
5,0.0,0.017938074887596717,0.0,0.0,0.0,0.03279252593974166,0.01930886119669062,0.58
5,0.0,0.026907112331395075,0.0,0.0,0.0,0.03279252593974166,0.01930886119669062,0.53
5,0.0,0.030831066213056858,0.0,0.0,0.0,0.03279252593974166,0.005976552275166144,0.47
5,0.0,0.030831066213056858,0.0,0.0,0.0,0.03279252593974166,0.011953104550332288,0.5
5,0.0,0.030831066213056858,0.0,0.0,0.0,0.03279252593974166,0.017929656825498432,0.51
5,0.0,0.030831066213056858,0.0,0.0,0.0,0.03279252593974166,0.023906209100664575,0.51
5,0.0,0.030831066213056858,0.0,0.0,0.0,0.03279252593974166,0.029882761375830718,0.5
5,0.0,0.030831066213056858,0.0,0.0,0.0,0.03279252593974166,0.035859313650996864,0.48
5,0.0,0.030831066213056858,0.0,0.0,0.0,0.03279252593974166,0.04183586592616301,0.46
5,0.0,0.030831066213056858,0.0,0.0,0.0,0.03279252593974166,0.04781241820132915,0.39
5,0.0,0.030831066213056858,0.0,0.0,0.0,0.03279252593974166,0.05378897047649529,0.37
5,0.0,0.030831066213056858,0.0,0.0,0.0,0.03279252593974166,0.059765522751661436,0.32
5,0.0,0.030831066213056858,0.0,0.0,0.0,0.03279252593974166,0.06574207502682758,0.27
5,0.0,0.03587614977519343,0.0,0.0,0.0,0.03279252593974166,0.01930886119669062,0.48
5,0.0,0.04484518721899179,0.0,0.0,0.0,0.03279252593974166,0.01930886119669062,0.46
5,0.0,0.010277022071018953,0.0,0.0,0.0,0.03935103112768999,0.00643628706556354,0.67
5,0.0,0.020554044142037906,0.0,0.0,0.0,0.03935103112768999,0.01287257413112708,0.6
5,0.0,0.026907112331395075,0.0,0.0,0.0,0.03935103112768999,0.009194695807947913,0.6
5,0.0,0.026907112331395075,0.0,0.0,0.0,0.03935103112768999,0.018389391615895825,0.62
5,0.0,0.026907112331395075,0.0,0.0,0.0,0.03935103112768999,0.02758408742384374,0.56
5,0.0,0.026907112331395075,0.0,0.0,0.0,0.03935103112768999,0.03677878323179165,0.44
5,0.0,0.026907112331395075,0.0,0.0,0.0,0.03935103112768999,0.04597347903973957,0.37
5,0.0,0.026907112331395075,0.0,0.0,0.0,0.03935103112768999,0.05516817484768748,0.31
5,0.0,0.026907112331395075,0.0,0.0,0.0,0.03935103112768999,0.0643628706556354,0.26
5,0.0,0.030831066213056858,0.0,0.0,0.0,0.03935103112768999,0.01930886119669062,0.55
5,0.0,0.04110808828407581,0.0,0.0,0.0,0.03935103112768999,0.02574514826225416,0.41
5,0.0,0.051385110355094764,0.0,0.0,0.0,0.03935103112768999,0.0321814353278177,0.33
5,0.0,0.008969037443798358,0.0,0.0,0.0,0.042630283721664164,0.02574514826225416,0.55
5,0.0,0.017938074887596717,0.0,0.0,0.0,0.042630283721664164,0.02574514826225416,0.5
5,0.0,0.026907112331395075,0.0,0.0,0.0,0.042630283721664164,0.02574514826225416,0.47
5,0.0,0.03587614977519343,0.0,0.0,0.0,0.042630283721664164,0.02574514826225416,0.4
5,0.0,0.04110808828407581,0.0,0.0,0.0,0.042630283721664164,0.005976552275166144,0.29
5,0.0,0.04110808828407581,0.0,0.0,0.0,0.042630283721664164,0.011953104550332288,0.36
5,0.0,0.04110808828407581,0.0,0.0,0.0,0.042630283721664164,0.017929656825498432,0.4
5,0.0,0.04110808828407581,0.0,0.0,0.0,0.042630283721664164,0.023906209100664575,0.4
5,0.0,0.04110808828407581,0.0,0.0,0.0,0.042630283721664164,0.029882761375830718,0.4
5,0.0,0.04110808828407581,0.0,0.0,0.0,0.042630283721664164,0.035859313650996864,0.37
5,0.0,0.04110808828407581,0.0,0.0,0.0,0.042630283721664164,0.04183586592616301,0.37
5,0.0,0.04110808828407581,0.0,0.0,0.0,0.042630283721664164,0.04781241820132915,0.3
5,0.0,0.04110808828407581,0.0,0.0,0.0,0.042630283721664164,0.05378897047649529,0.31
5,0.0,0.04110808828407581,0.0,0.0,0.0,0.042630283721664164,0.059765522751661436,0.25
5,0.0,0.04110808828407581,0.0,0.0,0.0,0.042630283721664164,0.06574207502682758,0.2
5,0.0,0.04484518721899179,0.0,0.0,0.0,0.042630283721664164,0.02574514826225416,0.38
5,0.0,0.010277022071018953,0.0,0.0,0.0,0.049188788909612494,0.00643628706556354,0.54
5,0.0,0.020554044142037906,0.0,0.0,0.0,0.049188788909612494,0.01287257413112708,0.5
5,0.0,0.026907112331395075,0.0,0.0,0.0,0.049188788909612494,0.009194695807947913,0.53
5,0.0,0.026907112331395075,0.0,0.0,0.0,0.049188788909612494,0.018389391615895825,0.55
5,0.0,0.026907112331395075,0.0,0.0,0.0,0.049188788909612494,0.02758408742384374,0.52
5,0.0,0.026907112331395075,0.0,0.0,0.0,0.049188788909612494,0.03677878323179165,0.42
5,0.0,0.026907112331395075,0.0,0.0,0.0,0.049188788909612494,0.04597347903973957,0.37
5,0.0,0.026907112331395075,0.0,0.0,0.0,0.049188788909612494,0.05516817484768748,0.25
5,0.0,0.026907112331395075,0.0,0.0,0.0,0.049188788909612494,0.0643628706556354,0.23
5,0.0,0.030831066213056858,0.0,0.0,0.0,0.049188788909612494,0.01930886119669062,0.45
5,0.0,0.04110808828407581,0.0,0.0,0.0,0.049188788909612494,0.02574514826225416,0.39
5,0.0,0.051385110355094764,0.0,0.0,0.0,0.049188788909612494,0.0321814353278177,0.3
5,0.0,0.008969037443798358,0.0,0.0,0.0,0.054107667800573744,0.0321814353278177,0.44
5,0.0,0.017938074887596717,0.0,0.0,0.0,0.054107667800573744,0.0321814353278177,0.39
5,0.0,0.026907112331395075,0.0,0.0,0.0,0.054107667800573744,0.0321814353278177,0.38
5,0.0,0.03587614977519343,0.0,0.0,0.0,0.054107667800573744,0.0321814353278177,0.3
5,0.0,0.04484518721899179,0.0,0.0,0.0,0.054107667800573744,0.0321814353278177,0.3
5,0.0,0.051385110355094764,0.0,0.0,0.0,0.054107667800573744,0.005976552275166144,0.22
5,0.0,0.051385110355094764,0.0,0.0,0.0,0.054107667800573744,0.011953104550332288,0.25
5,0.0,0.051385110355094764,0.0,0.0,0.0,0.054107667800573744,0.017929656825498432,0.3
5,0.0,0.051385110355094764,0.0,0.0,0.0,0.054107667800573744,0.023906209100664575,0.27
5,0.0,0.051385110355094764,0.0,0.0,0.0,0.054107667800573744,0.029882761375830718,0.29
5,0.0,0.051385110355094764,0.0,0.0,0.0,0.054107667800573744,0.035859313650996864,0.23
5,0.0,0.051385110355094764,0.0,0.0,0.0,0.054107667800573744,0.04183586592616301,0.2
5,0.0,0.051385110355094764,0.0,0.0,0.0,0.054107667800573744,0.04781241820132915,0.2
5,0.0,0.051385110355094764,0.0,0.0,0.0,0.054107667800573744,0.05378897047649529,0.16
5,0.0,0.051385110355094764,0.0,0.0,0.0,0.054107667800573744,0.059765522751661436,0.16
5,0.0,0.051385110355094764,0.0,0.0,0.0,0.054107667800573744,0.06574207502682758,0.1
5,0.0,0.010277022071018953,0.0,0.0,0.0,0.05902654669153499,0.00643628706556354,0.46
5,0.0,0.020554044142037906,0.0,0.0,0.0,0.05902654669153499,0.01287257413112708,0.41
5,0.0,0.026907112331395075,0.0,0.0,0.0,0.05902654669153499,0.009194695807947913,0.48
5,0.0,0.026907112331395075,0.0,0.0,0.0,0.05902654669153499,0.018389391615895825,0.51
5,0.0,0.026907112331395075,0.0,0.0,0.0,0.05902654669153499,0.02758408742384374,0.45
5,0.0,0.026907112331395075,0.0,0.0,0.0,0.05902654669153499,0.03677878323179165,0.38
5,0.0,0.026907112331395075,0.0,0.0,0.0,0.05902654669153499,0.04597347903973957,0.32
5,0.0,0.026907112331395075,0.0,0.0,0.0,0.05902654669153499,0.05516817484768748,0.23
5,0.0,0.026907112331395075,0.0,0.0,0.0,0.05902654669153499,0.0643628706556354,0.2
5,0.0,0.030831066213056858,0.0,0.0,0.0,0.05902654669153499,0.01930886119669062,0.46
5,0.0,0.04110808828407581,0.0,0.0,0.0,0.05902654669153499,0.02574514826225416,0.34
5,0.0,0.051385110355094764,0.0,0.0,0.0,0.05902654669153499,0.0321814353278177,0.24
5,0.0,0.008969037443798358,0.0,0.0,0.0,0.06394542558249625,0.03861772239338124,0.38
5,0.0,0.017938074887596717,0.0,0.0,0.0,0.06394542558249625,0.03861772239338124,0.36
5,0.0,0.026907112331395075,0.0,0.0,0.0,0.06394542558249625,0.03861772239338124,0.3
5,0.0,0.03587614977519343,0.0,0.0,0.0,0.06394542558249625,0.03861772239338124,0.24
5,0.0,0.04484518721899179,0.0,0.0,0.0,0.06394542558249625,0.03861772239338124,0.2
5,0.0,0.010277022071018953,0.0,0.0,0.0,0.06886430447345748,0.00643628706556354,0.41
5,0.0,0.020554044142037906,0.0,0.0,0.0,0.06886430447345748,0.01287257413112708,0.45
5,0.0,0.026907112331395075,0.0,0.0,0.0,0.06886430447345748,0.009194695807947913,0.42
5,0.0,0.026907112331395075,0.0,0.0,0.0,0.06886430447345748,0.018389391615895825,0.45
5,0.0,0.026907112331395075,0.0,0.0,0.0,0.06886430447345748,0.02758408742384374,0.44
5,0.0,0.026907112331395075,0.0,0.0,0.0,0.06886430447345748,0.03677878323179165,0.35
5,0.0,0.026907112331395075,0.0,0.0,0.0,0.06886430447345748,0.04597347903973957,0.27
5,0.0,0.026907112331395075,0.0,0.0,0.0,0.06886430447345748,0.05516817484768748,0.23
5,0.0,0.026907112331395075,0.0,0.0,0.0,0.06886430447345748,0.0643628706556354,0.18
5,0.0,0.030831066213056858,0.0,0.0,0.0,0.06886430447345748,0.01930886119669062,0.44
5,0.0,0.04110808828407581,0.0,0.0,0.0,0.06886430447345748,0.02574514826225416,0.3
5,0.0,0.051385110355094764,0.0,0.0,0.0,0.06886430447345748,0.0321814353278177,0.17
6,0.0,0.0,0.002927322827622011,0.0,0.007807201797536161,0.0,0.009194695807947913,0.86
6,0.0,0.0,0.005854645655244022,0.0,0.007807201797536161,0.0,0.009194695807947913,0.8
6,0.0,0.0,0.007318307069055027,0.0,0.004461258170020663,0.0,0.009194695807947913,0.85
6,0.0,0.0,0.007318307069055027,0.0,0.008922516340041327,0.0,0.009194695807947913,0.69
6,0.0,0.0,0.007318307069055027,0.0,0.01338377451006199,0.0,0.009194695807947913,0.67
6,0.0,0.0,0.007318307069055027,0.0,0.017845032680082654,0.0,0.009194695807947913,0.64
6,0.0,0.0,0.007318307069055027,0.0,0.022306290850103317,0.0,0.009194695807947913,0.54
6,0.0,0.0,0.007318307069055027,0.0,0.02676754902012398,0.0,0.009194695807947913,0.44
6,0.0,0.0,0.007318307069055027,0.0,0.031228807190144644,0.0,0.009194695807947913,0.34
6,0.0,0.0,0.007318307069055027,0.0,0.03569006536016531,0.0,0.009194695807947913,0.27
6,0.0,0.0,0.007318307069055027,0.0,0.040151323530185974,0.0,0.009194695807947913,0.17
6,0.0,0.0,0.007318307069055027,0.0,0.044612581700206634,0.0,0.009194695807947913,0.13
6,0.0,0.0,0.007318307069055027,0.0,0.0490738398702273,0.0,0.009194695807947913,0.11
6,0.0,0.0,0.008781968482866033,0.0,0.007807201797536161,0.0,0.009194695807947913,0.75
6,0.0,0.0,0.011709291310488043,0.0,0.007807201797536161,0.0,0.009194695807947913,0.66
6,0.0,0.0,0.014636614138110054,0.0,0.007807201797536161,0.0,0.009194695807947913,0.6
6,0.0,0.0,0.017563936965732066,0.0,0.007807201797536161,0.0,0.009194695807947913,0.53
6,0.0,0.0,0.020491259793354075,0.0,0.007807201797536161,0.0,0.009194695807947913,0.51
6,0.0,0.0,0.023418582620976087,0.0,0.007807201797536161,0.0,0.009194695807947913,0.48
6,0.0,0.0,0.0263459054485981,0.0,0.007807201797536161,0.0,0.009194695807947913,0.43
6,0.0,0.0,0.029273228276220108,0.0,0.007807201797536161,0.0,0.009194695807947913,0.35
6,0.0,0.0,0.03220055110384212,0.0,0.007807201797536161,0.0,0.009194695807947913,0.32
6,0.0,0.0,0.002927322827622011,0.0,0.015614403595072322,0.0,0.018389391615895825,0.85
6,0.0,0.0,0.005854645655244022,0.0,0.015614403595072322,0.0,0.018389391615895825,0.84
6,0.0,0.0,0.008781968482866033,0.0,0.015614403595072322,0.0,0.018389391615895825,0.74
6,0.0,0.0,0.011709291310488043,0.0,0.015614403595072322,0.0,0.018389391615895825,0.64
6,0.0,0.0,0.014636614138110054,0.0,0.004461258170020663,0.0,0.018389391615895825,0.87
6,0.0,0.0,0.014636614138110054,0.0,0.008922516340041327,0.0,0.018389391615895825,0.76
6,0.0,0.0,0.014636614138110054,0.0,0.01338377451006199,0.0,0.018389391615895825,0.65
6,0.0,0.0,0.014636614138110054,0.0,0.015614403595072322,0.0,0.018389391615895825,0.57
6,0.0,0.0,0.014636614138110054,0.0,0.017845032680082654,0.0,0.018389391615895825,0.59
6,0.0,0.0,0.014636614138110054,0.0,0.022306290850103317,0.0,0.018389391615895825,0.54
6,0.0,0.0,0.014636614138110054,0.0,0.02676754902012398,0.0,0.018389391615895825,0.45
6,0.0,0.0,0.014636614138110054,0.0,0.031228807190144644,0.0,0.018389391615895825,0.34
6,0.0,0.0,0.014636614138110054,0.0,0.03569006536016531,0.0,0.018389391615895825,0.28
6,0.0,0.0,0.014636614138110054,0.0,0.040151323530185974,0.0,0.018389391615895825,0.19
6,0.0,0.0,0.014636614138110054,0.0,0.044612581700206634,0.0,0.018389391615895825,0.16
6,0.0,0.0,0.014636614138110054,0.0,0.0490738398702273,0.0,0.018389391615895825,0.13
6,0.0,0.0,0.017563936965732066,0.0,0.015614403595072322,0.0,0.018389391615895825,0.53
6,0.0,0.0,0.020491259793354075,0.0,0.015614403595072322,0.0,0.018389391615895825,0.48
6,0.0,0.0,0.023418582620976087,0.0,0.015614403595072322,0.0,0.018389391615895825,0.47
6,0.0,0.0,0.0263459054485981,0.0,0.015614403595072322,0.0,0.018389391615895825,0.42
6,0.0,0.0,0.029273228276220108,0.0,0.015614403595072322,0.0,0.018389391615895825,0.38
6,0.0,0.0,0.03220055110384212,0.0,0.015614403595072322,0.0,0.018389391615895825,0.32
6,0.0,0.0,0.002927322827622011,0.0,0.023421605392608482,0.0,0.02758408742384374,0.89
6,0.0,0.0,0.005854645655244022,0.0,0.023421605392608482,0.0,0.02758408742384374,0.85
6,0.0,0.0,0.008781968482866033,0.0,0.023421605392608482,0.0,0.02758408742384374,0.7
6,0.0,0.0,0.011709291310488043,0.0,0.023421605392608482,0.0,0.02758408742384374,0.62
6,0.0,0.0,0.014636614138110054,0.0,0.023421605392608482,0.0,0.02758408742384374,0.57
6,0.0,0.0,0.017563936965732066,0.0,0.023421605392608482,0.0,0.02758408742384374,0.55
6,0.0,0.0,0.020491259793354075,0.0,0.023421605392608482,0.0,0.02758408742384374,0.46
6,0.0,0.0,0.021954921207165082,0.0,0.004461258170020663,0.0,0.02758408742384374,0.66
6,0.0,0.0,0.021954921207165082,0.0,0.008922516340041327,0.0,0.02758408742384374,0.65
6,0.0,0.0,0.021954921207165082,0.0,0.01338377451006199,0.0,0.02758408742384374,0.69
6,0.0,0.0,0.021954921207165082,0.0,0.017845032680082654,0.0,0.02758408742384374,0.61
6,0.0,0.0,0.021954921207165082,0.0,0.022306290850103317,0.0,0.02758408742384374,0.57
6,0.0,0.0,0.021954921207165082,0.0,0.02676754902012398,0.0,0.02758408742384374,0.52
6,0.0,0.0,0.021954921207165082,0.0,0.031228807190144644,0.0,0.02758408742384374,0.38
6,0.0,0.0,0.021954921207165082,0.0,0.03569006536016531,0.0,0.02758408742384374,0.31
6,0.0,0.0,0.021954921207165082,0.0,0.040151323530185974,0.0,0.02758408742384374,0.21
6,0.0,0.0,0.021954921207165082,0.0,0.044612581700206634,0.0,0.02758408742384374,0.18
6,0.0,0.0,0.021954921207165082,0.0,0.0490738398702273,0.0,0.02758408742384374,0.17
6,0.0,0.0,0.023418582620976087,0.0,0.023421605392608482,0.0,0.02758408742384374,0.44
6,0.0,0.0,0.0263459054485981,0.0,0.023421605392608482,0.0,0.02758408742384374,0.4
6,0.0,0.0,0.029273228276220108,0.0,0.023421605392608482,0.0,0.02758408742384374,0.38
6,0.0,0.0,0.03220055110384212,0.0,0.023421605392608482,0.0,0.02758408742384374,0.35
6,0.0,0.0,0.002927322827622011,0.0,0.031228807190144644,0.0,0.03677878323179165,0.8
6,0.0,0.0,0.005854645655244022,0.0,0.031228807190144644,0.0,0.03677878323179165,0.68
6,0.0,0.0,0.008781968482866033,0.0,0.031228807190144644,0.0,0.03677878323179165,0.63
6,0.0,0.0,0.011709291310488043,0.0,0.031228807190144644,0.0,0.03677878323179165,0.56
6,0.0,0.0,0.014636614138110054,0.0,0.031228807190144644,0.0,0.03677878323179165,0.52
6,0.0,0.0,0.017563936965732066,0.0,0.031228807190144644,0.0,0.03677878323179165,0.5
6,0.0,0.0,0.020491259793354075,0.0,0.031228807190144644,0.0,0.03677878323179165,0.51
6,0.0,0.0,0.023418582620976087,0.0,0.031228807190144644,0.0,0.03677878323179165,0.42
6,0.0,0.0,0.0263459054485981,0.0,0.031228807190144644,0.0,0.03677878323179165,0.37
6,0.0,0.0,0.029273228276220108,0.0,0.004461258170020663,0.0,0.03677878323179165,0.61
6,0.0,0.0,0.029273228276220108,0.0,0.008922516340041327,0.0,0.03677878323179165,0.64
6,0.0,0.0,0.029273228276220108,0.0,0.01338377451006199,0.0,0.03677878323179165,0.62
6,0.0,0.0,0.029273228276220108,0.0,0.017845032680082654,0.0,0.03677878323179165,0.61
6,0.0,0.0,0.029273228276220108,0.0,0.022306290850103317,0.0,0.03677878323179165,0.55
6,0.0,0.0,0.029273228276220108,0.0,0.02676754902012398,0.0,0.03677878323179165,0.51
6,0.0,0.0,0.029273228276220108,0.0,0.031228807190144644,0.0,0.03677878323179165,0.35
6,0.0,0.0,0.029273228276220108,0.0,0.03569006536016531,0.0,0.03677878323179165,0.39
6,0.0,0.0,0.029273228276220108,0.0,0.040151323530185974,0.0,0.03677878323179165,0.34
6,0.0,0.0,0.029273228276220108,0.0,0.044612581700206634,0.0,0.03677878323179165,0.29
6,0.0,0.0,0.029273228276220108,0.0,0.0490738398702273,0.0,0.03677878323179165,0.26
6,0.0,0.0,0.03220055110384212,0.0,0.031228807190144644,0.0,0.03677878323179165,0.36
7,0.0,0.007474197869831965,0.0,0.0,0.0,0.004918878890961249,0.00643628706556354,0.99
7,0.0,0.01494839573966393,0.0,0.0,0.0,0.004918878890961249,0.01287257413112708,0.87
7,0.0,0.022422593609495896,0.0,0.0,0.0,0.004918878890961249,0.01930886119669062,0.86
7,0.0,0.02989679147932786,0.0,0.0,0.0,0.004918878890961249,0.02574514826225416,0.79
7,0.0,0.037370989349159826,0.0,0.0,0.0,0.004918878890961249,0.0321814353278177,0.73
7,0.0,0.04484518721899179,0.0,0.0,0.0,0.004918878890961249,0.03861772239338124,0.66
7,0.0,0.05231938508882376,0.0,0.0,0.0,0.004918878890961249,0.04505400945894478,0.61
7,0.0,0.0037370989349159826,0.0,0.0,0.0,0.008198131484935416,0.00643628706556354,1.0
7,0.0,0.009342747337289957,0.0,0.0,0.0,0.008198131484935416,0.00643628706556354,0.98
7,0.0,0.01307984627220594,0.0,0.0,0.0,0.008198131484935416,0.00643628706556354,0.93
7,0.0,0.018685494674579913,0.0,0.0,0.0,0.008198131484935416,0.00643628706556354,0.88
7,0.0,0.022422593609495896,0.0,0.0,0.0,0.008198131484935416,0.00643628706556354,0.82
7,0.0,0.02615969254441188,0.0,0.0,0.0,0.008198131484935416,0.00643628706556354,0.81
7,0.0,0.031765340946785854,0.0,0.0,0.0,0.008198131484935416,0.00643628706556354,0.74
7,0.0,0.007474197869831965,0.0,0.0,0.0,0.009837757781922498,0.00643628706556354,0.97
7,0.0,0.01494839573966393,0.0,0.0,0.0,0.009837757781922498,0.01287257413112708,0.91
7,0.0,0.022422593609495896,0.0,0.0,0.0,0.009837757781922498,0.01930886119669062,0.86
7,0.0,0.02989679147932786,0.0,0.0,0.0,0.009837757781922498,0.02574514826225416,0.8
7,0.0,0.037370989349159826,0.0,0.0,0.0,0.009837757781922498,0.0321814353278177,0.75
7,0.0,0.04484518721899179,0.0,0.0,0.0,0.009837757781922498,0.03861772239338124,0.65
7,0.0,0.05231938508882376,0.0,0.0,0.0,0.009837757781922498,0.04505400945894478,0.59
7,0.0,0.007474197869831965,0.0,0.0,0.0,0.014756636672883747,0.00643628706556354,0.99
7,0.0,0.01494839573966393,0.0,0.0,0.0,0.014756636672883747,0.01287257413112708,0.88
7,0.0,0.022422593609495896,0.0,0.0,0.0,0.014756636672883747,0.01930886119669062,0.84
7,0.0,0.02989679147932786,0.0,0.0,0.0,0.014756636672883747,0.02574514826225416,0.79
7,0.0,0.037370989349159826,0.0,0.0,0.0,0.014756636672883747,0.0321814353278177,0.73
7,0.0,0.04484518721899179,0.0,0.0,0.0,0.014756636672883747,0.03861772239338124,0.64
7,0.0,0.05231938508882376,0.0,0.0,0.0,0.014756636672883747,0.04505400945894478,0.52
7,0.0,0.0037370989349159826,0.0,0.0,0.0,0.01639626296987083,0.01287257413112708,0.95
7,0.0,0.009342747337289957,0.0,0.0,0.0,0.01639626296987083,0.01287257413112708,0.93
7,0.0,0.01307984627220594,0.0,0.0,0.0,0.01639626296987083,0.01287257413112708,0.91
7,0.0,0.018685494674579913,0.0,0.0,0.0,0.01639626296987083,0.01287257413112708,0.86
7,0.0,0.022422593609495896,0.0,0.0,0.0,0.01639626296987083,0.01287257413112708,0.83
7,0.0,0.02615969254441188,0.0,0.0,0.0,0.01639626296987083,0.01287257413112708,0.84
7,0.0,0.031765340946785854,0.0,0.0,0.0,0.01639626296987083,0.01287257413112708,0.7
7,0.0,0.007474197869831965,0.0,0.0,0.0,0.019675515563844996,0.00643628706556354,0.97
7,0.0,0.01494839573966393,0.0,0.0,0.0,0.019675515563844996,0.01287257413112708,0.86
7,0.0,0.022422593609495896,0.0,0.0,0.0,0.019675515563844996,0.01930886119669062,0.84
7,0.0,0.02989679147932786,0.0,0.0,0.0,0.019675515563844996,0.02574514826225416,0.77
7,0.0,0.037370989349159826,0.0,0.0,0.0,0.019675515563844996,0.0321814353278177,0.68
7,0.0,0.04484518721899179,0.0,0.0,0.0,0.019675515563844996,0.03861772239338124,0.61
7,0.0,0.05231938508882376,0.0,0.0,0.0,0.019675515563844996,0.04505400945894478,0.43
7,0.0,0.0037370989349159826,0.0,0.0,0.0,0.024594394454806247,0.01930886119669062,0.95
7,0.0,0.007474197869831965,0.0,0.0,0.0,0.024594394454806247,0.00643628706556354,0.89
7,0.0,0.009342747337289957,0.0,0.0,0.0,0.024594394454806247,0.01930886119669062,0.93
7,0.0,0.01307984627220594,0.0,0.0,0.0,0.024594394454806247,0.01930886119669062,0.89
7,0.0,0.01494839573966393,0.0,0.0,0.0,0.024594394454806247,0.01287257413112708,0.85
7,0.0,0.018685494674579913,0.0,0.0,0.0,0.024594394454806247,0.01930886119669062,0.87
7,0.0,0.022422593609495896,0.0,0.0,0.0,0.024594394454806247,0.01930886119669062,0.83
7,0.0,0.02615969254441188,0.0,0.0,0.0,0.024594394454806247,0.01930886119669062,0.86
7,0.0,0.02989679147932786,0.0,0.0,0.0,0.024594394454806247,0.02574514826225416,0.78
7,0.0,0.031765340946785854,0.0,0.0,0.0,0.024594394454806247,0.01930886119669062,0.8
7,0.0,0.037370989349159826,0.0,0.0,0.0,0.024594394454806247,0.0321814353278177,0.66
7,0.0,0.04484518721899179,0.0,0.0,0.0,0.024594394454806247,0.03861772239338124,0.55
7,0.0,0.05231938508882376,0.0,0.0,0.0,0.024594394454806247,0.04505400945894478,0.42
7,0.0,0.007474197869831965,0.0,0.0,0.0,0.029513273345767494,0.00643628706556354,0.92
7,0.0,0.01494839573966393,0.0,0.0,0.0,0.029513273345767494,0.01287257413112708,0.87
7,0.0,0.022422593609495896,0.0,0.0,0.0,0.029513273345767494,0.01930886119669062,0.83
7,0.0,0.02989679147932786,0.0,0.0,0.0,0.029513273345767494,0.02574514826225416,0.74
7,0.0,0.037370989349159826,0.0,0.0,0.0,0.029513273345767494,0.0321814353278177,0.64
7,0.0,0.04484518721899179,0.0,0.0,0.0,0.029513273345767494,0.03861772239338124,0.49
7,0.0,0.05231938508882376,0.0,0.0,0.0,0.029513273345767494,0.04505400945894478,0.39
7,0.0,0.0037370989349159826,0.0,0.0,0.0,0.03279252593974166,0.02574514826225416,0.92
7,0.0,0.009342747337289957,0.0,0.0,0.0,0.03279252593974166,0.02574514826225416,0.89
7,0.0,0.01307984627220594,0.0,0.0,0.0,0.03279252593974166,0.02574514826225416,0.86
7,0.0,0.018685494674579913,0.0,0.0,0.0,0.03279252593974166,0.02574514826225416,0.81
7,0.0,0.022422593609495896,0.0,0.0,0.0,0.03279252593974166,0.02574514826225416,0.81
7,0.0,0.02615969254441188,0.0,0.0,0.0,0.03279252593974166,0.02574514826225416,0.69
7,0.0,0.031765340946785854,0.0,0.0,0.0,0.03279252593974166,0.02574514826225416,0.7
7,0.0,0.007474197869831965,0.0,0.0,0.0,0.03443215223672874,0.00643628706556354,0.87
7,0.0,0.01494839573966393,0.0,0.0,0.0,0.03443215223672874,0.01287257413112708,0.79
7,0.0,0.022422593609495896,0.0,0.0,0.0,0.03443215223672874,0.01930886119669062,0.83
7,0.0,0.02989679147932786,0.0,0.0,0.0,0.03443215223672874,0.02574514826225416,0.71
7,0.0,0.037370989349159826,0.0,0.0,0.0,0.03443215223672874,0.0321814353278177,0.52
7,0.0,0.04484518721899179,0.0,0.0,0.0,0.03443215223672874,0.03861772239338124,0.39
7,0.0,0.05231938508882376,0.0,0.0,0.0,0.03443215223672874,0.04505400945894478,0.38
7,0.0,0.0037370989349159826,0.0,0.0,0.0,0.04099065742467708,0.0321814353278177,0.84
7,0.0,0.009342747337289957,0.0,0.0,0.0,0.04099065742467708,0.0321814353278177,0.85
7,0.0,0.01307984627220594,0.0,0.0,0.0,0.04099065742467708,0.0321814353278177,0.83
7,0.0,0.018685494674579913,0.0,0.0,0.0,0.04099065742467708,0.0321814353278177,0.75
7,0.0,0.022422593609495896,0.0,0.0,0.0,0.04099065742467708,0.0321814353278177,0.71
7,0.0,0.02615969254441188,0.0,0.0,0.0,0.04099065742467708,0.0321814353278177,0.67
7,0.0,0.031765340946785854,0.0,0.0,0.0,0.04099065742467708,0.0321814353278177,0.54
7,0.0,0.0037370989349159826,0.0,0.0,0.0,0.049188788909612494,0.03861772239338124,0.79
7,0.0,0.009342747337289957,0.0,0.0,0.0,0.049188788909612494,0.03861772239338124,0.77
7,0.0,0.01307984627220594,0.0,0.0,0.0,0.049188788909612494,0.03861772239338124,0.75
7,0.0,0.018685494674579913,0.0,0.0,0.0,0.049188788909612494,0.03861772239338124,0.72
7,0.0,0.022422593609495896,0.0,0.0,0.0,0.049188788909612494,0.03861772239338124,0.63
7,0.0,0.02615969254441188,0.0,0.0,0.0,0.049188788909612494,0.03861772239338124,0.53
7,0.0,0.031765340946785854,0.0,0.0,0.0,0.049188788909612494,0.03861772239338124,0.47
7,0.0,0.0037370989349159826,0.0,0.0,0.0,0.0573869203945479,0.04505400945894478,0.72
7,0.0,0.009342747337289957,0.0,0.0,0.0,0.0573869203945479,0.04505400945894478,0.71
7,0.0,0.01307984627220594,0.0,0.0,0.0,0.0573869203945479,0.04505400945894478,0.65
7,0.0,0.018685494674579913,0.0,0.0,0.0,0.0573869203945479,0.04505400945894478,0.55
7,0.0,0.022422593609495896,0.0,0.0,0.0,0.0573869203945479,0.04505400945894478,0.48
7,0.0,0.02615969254441188,0.0,0.0,0.0,0.0573869203945479,0.04505400945894478,0.48
7,0.0,0.031765340946785854,0.0,0.0,0.0,0.0573869203945479,0.04505400945894478,0.49
